Omega,x_re,x_im,x0,v0,floquet,stable
0.777,2.2672214594995976,0.0,(0.04111514690650768+0j),(1.9529386562836137+0j),[0.79970607+0.j 0.87608379+0.j],True
0.776,2.2693846787539815,-0.002697019073370975,(0.11511130086734103+0.0702471086494242j),(1.9505463563578052-0.00710010943354533j),[0.68821756-0.05034128j 1.01212382+0.07403416j],False
0.775,2.275165608461175,-0.00471754675058134,(0.11522982169969168+0.1237597578085818j),(1.9556151255215632-0.012472517415239243j),[0.67083042-0.07860817j 1.02929932+0.1206137j ],False
0.774,2.28091164996173,-0.006065857504034751,(0.11534549801518712+0.16027122126757867j),(1.9606562750977894-0.016105653719870276j),[0.65823215-0.0939712j  1.0416829 +0.14871379j],False
0.773,2.2866229487566767,-0.007134705038793784,(0.1154583655445521+0.18985453094336882j),(1.9656697967307621-0.019024000190858745j),[0.64802077-0.10476507j 1.0516765 +0.17002381j],False
0.772,2.2922996385827505,-0.00803709546508967,(0.11556846485782891+0.21538098044890697j),(1.9706556604517629-0.02152068481020486j),[0.63928  -0.11315497j 1.0601964+0.18765875j],False
0.771,2.297941864648513,-0.00882488142146012,(0.11567582823022299+0.23815639693195353j),(1.97561385489919-0.023729495501124975j),[0.63154987-0.12004967j 1.06770252+0.2029568j ],False
0.77,2.303549767880531,-0.009527106765571041,(0.11578049005581746+0.25890569890319054j),(1.9805443600128023-0.025724971455957146j),[0.62456299-0.12592041j 1.07446223+0.21662623j],False
0.769,2.309123489029508,-0.010162043469343011,(0.11588248396587703+0.2780808417921412j),(1.9854471541575025-0.027553754728648076j),[0.61814867-0.13104411j 1.08064617+0.22909103j],False
0.768,2.3146631686711916,-0.010742105707061633,(0.1159818427746621+0.2959860922649831j),(1.9903222141523702-0.029247362646736465j),[0.61219064-0.13559775j 1.0863706 +0.24062669j],False
0.767,2.3201689491629676,-0.011276205230172903,(0.1160785981395542+0.3128378668002471j),(1.9951695187491838-0.030828297127435855j),[0.60660576-0.13970148j 1.09171862+0.25142311j],False
0.766,2.3256409660479442,-0.011771006698889513,(0.11617278634954642+0.32879649892269436j),(1.9999890332365735-0.032313294128230585j),[0.60133233-0.14344068j 1.0967519 +0.26161712j],False
0.765,2.3310793607725806,-0.012231661613142509,(0.1162644417991159+0.34398477161167856j),(2.0047807320978985-0.033715219439784096j),[0.59632319-0.14687826j 1.10151756+0.27131089j],False
0.764,2.336484274401978,-0.012662254536846057,(0.11635358847260921+0.3584991252449864j),(2.009544588430826-0.035044216723149044j),[0.5915414 -0.15006193j 1.10605251+0.28058286j],False
0.763,2.3418558467067814,-0.013066093422774063,(0.11644025564375357+0.3724169286914125j),(2.0142805716252776-0.03630845671264284j),[0.58695745-0.15302876j 1.11038623+0.28949463j],False
0.762,2.3471942173295837,-0.013445905463228061,(0.1165244717821462+0.38580136878200566j),(2.018988649700961-0.037514638983447035j),[0.58254734-0.15580812j 1.11454267+0.29809559j],False
0.761,2.3524995257357078,-0.013803973082726231,(0.11660626500929656+0.3987048317290387j),(2.0236687891997556-0.03866834026578521j),[0.5782913 -0.15842367j 1.11854157+0.30642595j],False
0.76,2.357771911251795,-0.014142231259007137,(0.11668566281593569+0.411171314324091j),(2.0283209552879433-0.03977426307011801j),[0.57417279-0.16089478j 1.12239942+0.31451892j],False
0.759,2.3630115130672884,-0.014462338843077006,(0.11676269207666211+0.423238184255124j),(2.0329451117767157-0.04083641751101759j),[0.57017786-0.16323749j 1.12613013+0.3224023j ],False
0.758,2.3682184702363283,-0.014765731927358177,(0.11683737906412085+0.43493749234645207j),(2.0375412211420074-0.04185825705546713j),[0.56629463-0.16546525j 1.12974557+0.3300996j ],False
0.757,2.3733929216810234,-0.015053664514290022,(0.1169097494629876+0.4462969686996751j),(2.042109244545103-0.04284278173043206j),[0.56251285-0.16758944j 1.13325591+0.3376309j ],False
0.756,2.378535006194956,-0.015327240009231465,(0.11697982838368891+0.45734079108186393j),(2.0466491418519026-0.04379261785812585j),[0.55882365-0.16961976j 1.13667   +0.34501349j],False
0.755,2.383644862447361,-0.015587435958099834,(0.1170476403749343+0.46809018614385506j),(2.0511608716530105-0.04471008054273979j),[0.5552193 -0.17156459j 1.13999552+0.35226237j],False
0.754,2.3887226289753922,-0.01583512372162745,(0.11711320943668568+0.47856390586929576j),(2.0556443912830336-0.045597223269140764j),[0.55169298-0.17343117j 1.14323923+0.35939067j],False
0.753,2.393768444187587,-0.016071084321579943,(0.11717655903203769+0.4887786095094796j),(2.0600996568398813-0.04645587772709156j),[0.5482387 -0.17522581j 1.14640711+0.36640995j],False
0.752,2.3987824463735086,-0.01629602132902966,(0.11723771209948437+0.49874917295163085j),(2.0645266232039083-0.04728768612231462j),[0.54485112-0.17695407j 1.14950443+0.37333041j],False
0.751,2.4037647737028625,-0.01651057144387304,(0.11729669106397113+0.5084889416872515j),(2.068925244056819-0.04809412764098251j),[0.54152547-0.17862086j 1.15253591+0.38016116j],False
0.75,2.4087155642251115,-0.01671531325750536,(0.11735351784840056+0.518009939457687j),(2.073295471900486-0.048876540314465804j),[0.53825749-0.1802305j  1.15550576+0.38691032j],False
0.749,2.4136349558706103,-0.016910774568588992,(0.117408213817219+0.527323041710368j),(2.0776372580810993-0.0496361392103246j),[0.53504334-0.18178687j 1.15841779+0.39358521j],False
0.748,2.41852308645437,-0.01709743853496891,(0.11746079935973296+0.5364381208448327j),(2.0819505528396225-0.05037403159310322j),[0.53187955-0.18329343j 1.1612754 +0.4001924j ],False
0.747,2.423380093663345,-0.017275748887087557,(0.11751129550232402+0.54536416867977j),(2.086235305199609-0.05109123023954846j),[0.52876298-0.18475329j 1.16408169+0.40673787j],False
0.746,2.428206115077437,-0.01744611436380865,(0.11755972225665907+0.5541094003663329j),(2.0904914631270093-0.05178866397975904j),[0.52569077-0.18616926j 1.16683946+0.41322704j],False
0.745,2.4330012881540632,-0.017608912507207704,(0.11760609918250557+0.5626813430249075j),(2.094718973499252-0.05246718720773879j),[0.52266031-0.18754386j 1.16955128+0.41966486j],False
0.744,2.4377657502289933,-0.01776449294704792,(0.11765044539731787+0.571086911797876j),(2.098917782122929-0.05312758793648717j),[0.51966921-0.1888794j  1.17221946+0.42605586j],False
0.743,2.4424996385248945,-0.01791318024344707,(0.11769277958513691+0.5793324754253188j),(2.1030878337515313-0.05377059475619217j),[0.51671529-0.19017798j 1.17484614+0.4324042j ],False
0.742,2.447203090149313,-0.01805527635783309,(0.11773312000532259+0.5874239130531842j),(2.1072290721029283-0.0543968828734668j),[0.51379654-0.1914415j  1.17743327+0.43871371j],False
0.741,2.451876242093078,-0.01819106281339418,(0.11777148450102475+0.5953666636647948j),(2.1113414398767985-0.05500707937636334j),[0.51091111-0.1926717j  1.17998266+0.44498792j],False
0.74,2.456519231229465,-0.01832080259177044,(0.11780789050793834+0.6031657692714404j),(2.1154248787716683-0.05560176784371151j),[0.50805727-0.1938702j  1.18249594+0.45123009j],False
0.739,2.461132194314257,-0.01844474180480716,(0.11784235506157112+0.6108259127994694j),(2.1194793295022607-0.056181492395972185j),[0.50523346-0.19503847j 1.18497466+0.45744327j],False
0.738,2.4657152679863477,-0.01856311117363029,(0.1178748948057658+0.6183514514462268j),(2.1235047318163804-0.056746761269111254j),[0.50243819-0.19617787j 1.1874202 +0.46363028j],False
0.737,2.4702685887686866,-0.01867612734081812,(0.11790552599995471+0.625746446149185j),(2.127501024511658-0.05729804997806058j),[0.49967012-0.19728964j 1.18983388+0.46979375j],False
0.736,2.4747922930609425,-0.018783994027322715,(0.11793426452687898+0.6330146877080973j),(2.1314681454523123-0.05783580412676576j),[0.49692796-0.19837495j 1.19221689+0.47593613j],False
0.735,2.4792865170614182,-0.01888690307453807,(0.11796112628943538+0.6401597195464498j),(2.1354060314085404-0.05836044199271311j),[0.49421054-0.19943488j 1.19457036+0.48205972j],False
0.734,2.483751396445576,-0.018985035203368403,(0.11798612867430082+0.6471848563955682j),(2.1393146173218494-0.05887235698739412j),[0.49151674-0.20047041j 1.19689533+0.48816668j],False
0.733,2.4881870677068423,-0.01907856141551602,(0.1180092852028878+0.6540932112284182j),(2.1431938393558867-0.05937191890060185j),[0.48884555-0.20148248j 1.19919275+0.49425904j],False
0.732,2.492593666825486,-0.019167643216133033,(0.11803060991847565+0.6608877034091843j),(2.1470436319671307-0.05985947615198127j),[0.486196  -0.20247196j 1.20146353+0.50033869j],False
0.731,2.4969713295664224,-0.01925243344367971,(0.11805011716194666+0.6675710756307038j),(2.1508639285381865-0.06033535757161379j),[0.48356717-0.20343963j 1.2037085 +0.50640745j],False
0.73,2.5013201916016388,-0.019333076913936563,(0.11806782079820662+0.6741459081202246j),(2.154654661693603-0.0607998736911276j),[0.48095822-0.20438627j 1.20592845+0.51246701j],False
0.729,2.5056403884974108,-0.019409710981323523,(0.11808373432714692+0.6806146307145798j),(2.158415763284562-0.061253318095582966j),[0.47836835-0.20531257j 1.20812408+0.51851897j],False
0.728,2.509932055673512,-0.019482466046054178,(0.11809787101604724+0.6869795336045675j),(2.162147164310794-0.061695968646659015j),[0.47579682-0.2062192j  1.21029609+0.52456486j],False
0.727,2.5141953284196137,-0.019551466012651893,(0.11811024382682477+0.6932427774532646j),(2.1658487949867835-0.062128088564351466j),[0.47324291-0.20710676j 1.2124451 +0.53060611j],False
0.726,2.518430341884177,-0.019616828719093655,(0.11812086542335146+0.6994064024455959j),(2.1695205847495087-0.0625499274229901j),[0.47070596-0.20797584j 1.21457171+0.53664411j],False
0.725,2.5226372310972334,-0.019678666335699074,(0.11812974817166871+0.7054723366360803j),(2.173162462304286-0.06296172206747833j),[0.46818533-0.20882699j 1.21667646+0.54268014j],False
0.724,2.5268161309553787,-0.019737085718475093,(0.11813690415061665+0.7114424034141807j),(2.1767743556151027-0.06336369744138999j),[0.46568045-0.20966071j 1.21875987+0.54871546j],False
0.723,2.530967176221048,-0.019792188739105297,(0.11814234515685927+0.7173183284071218j),(2.180356191924548-0.06375606735100009j),[0.46319075-0.2104775j  1.22082242+0.55475125j],False
0.722,2.5350905015219705,-0.01984407258883524,(0.11814608270969083+0.7231017457977877j),(2.1839078977727997-0.06413903516628239j),[0.4607157 -0.2112778j  1.22286455+0.56078864j],False
0.721,2.5391862413495576,-0.01989283005863126,(0.11814812805671915+0.7287942041101115j),(2.187429399013313-0.06451279446496469j),[0.45825479-0.21206204j 1.2248867 +0.56682871j],False
0.72,2.5432545300579323,-0.01993854979813197,(0.11814849217867239+0.7343971715237667j),(2.190920620828833-0.06487752962541693j),[0.45580756-0.21283064j 1.22688923+0.5728725j ],False
0.719,2.5472955017682852,-0.01998131654072504,(0.11814718633579022+0.7399120402029218j),(2.19438148750561-0.06523341651573275j),[0.45337355-0.21358396j 1.22887253+0.57892099j],False
0.718,2.5513092905644297,-0.020021211348400313,(0.11814422099102104+0.7453401319738145j),(2.1978119229481785-0.0655806227234369j),[0.45095234-0.21432239j 1.23083693+0.58497513j],False
0.717,2.5552960304411747,-0.020058311802136082,(0.11813960598772971+0.7506827022198646j),(2.201211850595404-0.06591930805529429j),[0.44854353-0.21504625j 1.23278274+0.59103585j],False
0.716,2.5592558551791216,-0.02009269218635523,(0.11813335130977964+0.7559409429510618j),(2.204581193102547-0.0662496251707329j),[0.44614672-0.21575588j 1.23471026+0.597104j  ],False
0.715,2.5631888984238294,-0.02012442367053225,(0.11812546666449909+0.7611159868186026j),(2.2079198725558937-0.06657171987498317j),[0.44376157-0.21645158j 1.23661977+0.60318044j],False
0.714,2.567095293674786,-0.020153574474785843,(0.11811596152360473+0.766208910357133j),(2.2112278104695835-0.0668857315014077j),[0.44138771-0.21713364j 1.23851151+0.60926598j],False
0.713,2.5709751742501417,-0.020180210024027104,(0.11810484523837403+0.7712207368507995j),(2.21450492772442-0.06719179328504728j),[0.43902483-0.21780235j 1.24038573+0.61536139j],False
0.712,2.5748286733366665,-0.020204393092618636,(0.11809212685427098+0.7761524394443461j),(2.217751144704689-0.0674900326377043j),[0.43667261-0.21845797j 1.24224263+0.62146743j],False
0.711,2.5786559239677986,-0.020226183939623023,(0.11807781519291688+0.7810049436585106j),(2.2209663812660856-0.06778057146817802j),[0.43433076-0.21910075j 1.24408242+0.62758482j],False
0.71,2.58245705902255,-0.02024564043554532,(0.11806191885587662+0.7857791298337683j),(2.2241505567515323-0.06806352646261606j),[0.43199899-0.21973093j 1.24590528+0.63371427j],False
0.709,2.586232211224052,-0.020262818178529447,(0.11804444622870088+0.7904758354051331j),(2.2273035900067915-0.06833900934645395j),[0.42967703-0.22034873j 1.24771139+0.63985645j],False
0.708,2.589981513131329,-0.020277770588276036,(0.11802540548455526+0.7950958570215003j),(2.2304253993959136-0.06860712712912972j),[0.42736463-0.22095437j 1.24950089+0.646012j  ],False
0.707,2.5937050971394138,-0.02029054902702849,(0.11800480458782586+0.7996399525233107j),(2.233515902816998-0.06886798233320227j),[0.42506155-0.22154806j 1.25127393+0.65218158j],False
0.706,2.597403095445143,-0.02030120288446941,(0.11798265064825435+0.8041088425415789j),(2.236575017673008-0.06912167294416255j),[0.42276756-0.22213j    1.25303063+0.65836578j],False
0.705,2.601075640126265,-0.02030977968357916,(0.11795895145508778+0.8085032127783446j),(2.239602660981651-0.06936829323069728j),[0.42048244-0.22270037j 1.25477111+0.6645652j ],False
0.704,2.6047228630984387,-0.0203163251593759,(0.11793371465036685+0.8128237153433877j),(2.2425987493508757-0.06960793360306745j),[0.41820597-0.22325936j 1.25649547+0.6707804j ],False
0.703,2.6083448960917783,-0.020320883337197563,(0.11790694738430003+0.817070970119545j),(2.245563198965533-0.06984068064623838j),[0.41593797-0.22380712j 1.2582038 +0.67701195j],False
0.702,2.6119418706168354,-0.020323496608427756,(0.11787865681527583+0.8212455659912354j),(2.248495925492152-0.07006661746053645j),[0.41367823-0.22434384j 1.25989618+0.68326038j],False
0.701,2.61551391806716,-0.020324205814112508,(0.11784884966489377+0.8253480628013099j),(2.251396844373711-0.07028582369689296j),[0.41142659-0.22486966j 1.26157268+0.6895262j ],False
0.7,2.61906116947686,-0.02032305029260537,(0.11781753785352983+0.82937899150989j),(2.254265869979911-0.07049837779498713j),[0.40918287-0.22538473j 1.26323335+0.69580994j],False
0.699,2.622583756019258,-0.02032006797861247,(0.11778472515952405+0.833338857484438j),(2.25710291750593-0.07070435215350561j),[0.40694691-0.2258892j  1.26487826+0.70211207j],False
0.698,2.626081808613565,-0.020315295428335663,(0.11775041625649246+0.8372281398550677j),(2.259907901599048-0.07090381658042234j),[0.40471856-0.22638321j 1.26650743+0.70843307j],False
0.697,2.6295554579301923,-0.020308767887314626,(0.11771461733515584+0.841047292601276j),(2.262680736346478-0.07109683867320121j),[0.40249767-0.22686688j 1.26812089+0.7147734j ],False
0.696,2.6330048344570316,-0.02030051934380955,(0.11767733442319142+0.8447967458170561j),(2.265421335540885-0.07128348331152817j),[0.4002841 -0.22734034j 1.26971866+0.72113349j],False
0.695,2.636430068496936,-0.020290582581611146,(0.11763857338862407+0.8484769066181069j),(2.268129612696019-0.07146381276801722j),[0.39807773-0.22780372j 1.27130075+0.72751379j],False
0.694,2.639831290165427,-0.020278989230295585,(0.11759833994265287+0.8520881599945892j),(2.270805481062241-0.07163788681265168j),[0.39587842-0.22825712j 1.27286717+0.73391472j],False
0.693,2.6432086293888193,-0.020265769813085886,(0.11755663964264886+0.8556308696138105j),(2.273448853642266-0.07180576281170471j),[0.39368607-0.22870067j 1.27441791+0.74033666j],False
0.692,2.6465622159025113,-0.020250953792452037,(0.11751347789535169+0.8591053785753132j),(2.276059643206808-0.07196749582145341j),[0.39150055-0.22913446j 1.27595295+0.74678003j],False
0.691,2.6498921792493375,-0.020234569613542412,(0.11746885995953833+0.862512010121004j),(2.278637762310051-0.07212313867669556j),[0.38932178-0.22955861j 1.27747228+0.75324519j],False
0.69,2.6531986487776926,-0.020216644742614445,(0.11742279094888355+0.8658510683041727j),(2.2811831233053628-0.07227274207475394j),[0.38714964-0.2299732j  1.27897587+0.75973252j],False
0.689,2.656481753634258,-0.02019720568806348,(0.1173752758348508+0.8691228386193918j),(2.283695638361036-0.07241635465513836j),[0.38498405-0.23037834j 1.28046368+0.76624237j],False
0.688,2.6597416227646202,-0.020176278057644402,(0.11732631944882385+0.8723275885949143j),(2.286175219475833-0.0725540230747557j),[0.38282492-0.23077411j 1.28193566+0.77277508j],False
0.687,2.6629783849137976,-0.020153886584368577,(0.11727592648548028+0.8754655683513061j),(2.2886217784948313-0.0726857920798392j),[0.38067217-0.23116061j 1.28339177+0.77933098j],False
0.686,2.6661921686234584,-0.02013005515778202,(0.11722410150461574+0.8785370111257762j),(2.2910352271247483-0.07281170457349687j),[0.37852573-0.23153791j 1.28483195+0.7859104j ],False
0.685,2.6693831026432573,-0.020104806842037325,(0.11717084730518938+0.8815421361188855j),(2.2934154780663683-0.07293180117625041j),[0.37638552-0.23190611j 1.28625613+0.79251363j],False
0.684,2.6725513147890094,-0.02007816394955937,(0.11711616949960704+0.8844811424895717j),(2.2957624419568816-0.0730461217076215j),[0.37425148-0.23226528j 1.28766424+0.79914099j],False
0.683,2.675696932943842,-0.020050148031499182,(0.11706007241971958+0.8873542154751418j),(2.298076030086009-0.0731547039672731j),[0.37212354-0.2326155j  1.28905621+0.80579274j],False
0.682,2.6788200848223362,-0.0200207799163446,(0.11700256010336983+0.8901615254800269j),(2.300356153782647-0.07325758409862197j),[0.37000166-0.23295684j 1.29043195+0.81246917j],False
0.681,2.6819208979268256,-0.019990079738886554,(0.11694363646541815+0.8929032282234586j),(2.3026027243171607-0.07335479669368462j),[0.36788578-0.23328937j 1.29179139+0.81917054j],False
0.68,2.6849994995439763,-0.01995806695628248,(0.11688330529996684+0.8955794651030468j),(2.304815652917346-0.0734463748429923j),[0.36577585-0.23361316j 1.29313442+0.82589709j],False
0.679,2.6880560167388325,-0.019924760367155774,(0.11682157028264827+0.8981903635352728j),(2.306994850784105-0.0735323501830175j),[0.36367184-0.23392827j 1.29446095+0.83264907j],False
0.678,2.691090576357877,-0.01989017815049817,(0.11675843497213731+0.9007360372747143j),(2.309140229107218-0.0736127529409684j),[0.3615737 -0.23423479j 1.29577087+0.83942669j],False
0.677,2.694103305026798,-0.01985433787574088,(0.11669390281293955+0.903216586713093j),(2.3112516990810903-0.07368761197790191j),[0.3594814 -0.23453275j 1.29706408+0.84623018j],False
0.676,2.6970943291483467,-0.019817256524696934,(0.11662797713685066+0.9056320991588678j),(2.313329171920605-0.07375695482918732j),[0.35739491-0.23482224j 1.29834045+0.85305974j],False
0.675,2.7000637749002445,-0.019778950512774687,(0.11656066116484773+0.9079826490978109j),(2.315372558876742-0.07382080774310452j),[0.35531421-0.2351033j  1.29959986+0.85991554j],False
0.674,2.703011768233394,-0.019739435709418295,(0.11649195800931149+0.9102682984364147j),(2.3173817712524545-0.07387919571772626j),[0.35323928-0.23537599j 1.3008422 +0.86679779j],False
0.673,2.7059384348700584,-0.019698727457685826,(0.11642187067551113+0.9124890967272784j),(2.3193567204181957-0.07393214253559677j),[0.3511701 -0.23564038j 1.30206732+0.87370662j],False
0.672,2.7088439003023237,-0.019656840593085957,(0.11635040206359536+0.9146450813795487j),(2.3212973178280247-0.07397967079698937j),[0.34910665-0.23589651j 1.3032751 +0.88064221j],False
0.671,2.711728289760421,-0.0196137894564214,(0.11627755462671557+0.9167362776459658j),(2.323203474972272-0.07402180179067147j),[0.34704893-0.23614444j 1.30446539+0.88760467j],False
0.67,2.7145917282391423,-0.019569587899374803,(0.11620333092434926+0.9187626990229861j),(2.3250751034468164-0.07405855577245006j),[0.34499693-0.23638422j 1.30563806+0.89459415j],False
0.669,2.7174343404347363,-0.019524249306800166,(0.1161277352660056+0.9207243470694897j),(2.3269121147008134-0.074089952662217j),[0.34295065-0.2366159j  1.30679295+0.90161075j],False
0.668,2.7202562510124375,-0.019477786643017133,(0.11605076896200904+0.9226212131460516j),(2.3287144210818247-0.07411601018644119j),[0.3409101 -0.23683954j 1.30792991+0.90865457j],False
0.667,2.7230575842280547,-0.019430212412957823,(0.11597243458373739+0.9244532762212684j),(2.330481934542632-0.07413674552218778j),[0.33887527-0.23705518j 1.30904878+0.91572569j],False
0.666,2.7258384641727815,-0.01938153870642905,(0.11589273431714957+0.9262205045794413j),(2.3322145674558374-0.07415217474551276j),[0.33684618-0.23726286j 1.31014941+0.92282418j],False
0.665,2.7285990146744417,-0.019331777203053832,(0.11581167075386359+0.9279228553254483j),(2.333912232312267-0.07416231314401861j),[0.33482284-0.23746264j 1.31123162+0.92995009j],False
0.664,2.7313393593833135,-0.01928093920359214,(0.11572925209143504+0.9295602755583083j),(2.335574841805291-0.07416717753437045j),[0.33280526-0.23765457j 1.31229525+0.93710348j],False
0.663,2.7340596215844517,-0.019229035596511665,(0.11564547486333714+0.9311326996376207j),(2.3372023089458005-0.07416677872160235j),[0.33079347-0.23783869j 1.31334013+0.94428435j],False
0.662,2.736759924357509,-0.019176076913883327,(0.1155603411195445+0.932640051876697j),(2.3387945468995484-0.07416112901760817j),[0.3287875 -0.23801505j 1.31436608+0.95149271j],False
0.661,2.7394403905315765,-0.01912207332834026,(0.1154738528304342+0.9340822458190307j),(2.340351469091554-0.07415023982285114j),[0.32678736-0.23818369j 1.31537292+0.95872855j],False
0.66,2.7421011426795534,-0.01906703464808554,(0.11538601188861877+0.9354591842883616j),(2.3418729892225336-0.0741341216433805j),[0.32479309-0.23834465j 1.31636046+0.96599183j],False
0.659,2.7447423031188323,-0.019010970347151157,(0.11529682011048982+0.9367707594244974j),(2.3433590212841673-0.07411278410643017j),[0.32280473-0.23849798j 1.31732853+0.97328252j],False
0.658,2.747363993910733,-0.018953889566168475,(0.11520627923809318+0.9380168527106468j),(2.3448094795756322-0.07408623597533401j),[0.32082231-0.23864373j 1.31827692+0.98060053j],False
0.657,2.7499663368582907,-0.01889580111948473,(0.11511439094030063+0.9391973349875397j),(2.3462242787193617-0.07405448516295439j),[0.31884588-0.23878194j 1.31920546+0.9879458j ],False
0.656,2.752549453504625,-0.018836713505307606,(0.11502115681499553+0.9403120664575687j),(2.3476033336772746-0.07401753874465061j),[0.31687547-0.23891265j 1.32011394+0.9953182j ],False
0.655,2.7551134651312608,-0.018776634915334635,(0.11492657839004283+0.941360896676811j),(2.348946559766687-0.0739754029696476j),[0.31491115-0.23903591j 1.32100218+1.00271762j],False
0.654,2.757658492756682,-0.018715573244025868,(0.11483065712505651+0.9423436645371324j),(2.3502538726766935-0.07392808327188057j),[0.31295296-0.23915176j 1.32186995+1.01014392j],False
0.653,2.7601846571345923,-0.018653536097391225,(0.11473339441284706+0.9432601982349078j),(2.351525188483612-0.07387558427957719j),[0.31100095-0.23926024j 1.32271708+1.01759691j],False
0.652,2.7626920787525737,-0.018590530801379575,(0.1146347915808838+0.9441103152310969j),(2.352760423667514-0.0738179098240878j),[0.3090552 -0.2393614j  1.32354336+1.02507641j],False
0.651,2.7651808778298355,-0.018526564405638137,(0.11453484989273773+0.9448938221992369j),(2.3539594951283935-0.07375506294771592j),[0.30711576-0.23945528j 1.32434857+1.0325822j ],False
0.65,2.767651174311708,-0.018461643678754327,(0.11443357054907315+0.9456105149601441j),(2.3551223202014797-0.07368704591027547j),[0.3051827 -0.23954194j 1.32513252+1.04011405j],False
0.649,2.770103087872044,-0.01839577513384128,(0.11433095468978835+0.946260178409256j),(2.3562488166742472-0.07361386019553438j),[0.30325609-0.2396214j  1.32589498+1.04767168j],False
0.648,2.7725367379111225,-0.0183289650232607,(0.11422700339432822+0.9468425864285778j),(2.3573389028018643-0.07353550651566121j),[0.301336  -0.23969372j 1.32663577+1.0552548j ],False
0.647,2.7749522435539125,-0.018261219344109493,(0.11412171768382372+0.9473575017886791j),(2.358392497323254-0.07345198481568163j),[0.29942252-0.23975894j 1.32735465+1.0628631j ],False
0.646,2.777349723648644,-0.018192543844770023,(0.1140150985218296+0.9478046760393213j),(2.359409519477497-0.07336329427645757j),[0.29751573-0.23981712j 1.32805143+1.07049623j],False
0.645,2.7797292967650487,-0.018122944031043833,(0.11390714681577685+0.9481838493856j),(2.360389889019106-0.07326943331688054j),[0.29561571-0.23986829j 1.32872588+1.07815381j],False
0.644,2.7820910811932476,-0.018052425171963767,(0.11379786341803362+0.948494750555797j),(2.3613335262351174-0.07317039959527376j),[0.29372256-0.23991251j 1.3293778 +1.08583543j],False
0.643,2.7844351949418877,-0.01798099230516847,(0.11368724912705064+0.9487370966514156j),(2.362240351959873-0.07306619000953138j),[0.29183637-0.23994982j 1.33000698+1.09354065j],False
0.642,2.786761755737138,-0.01790865024197646,(0.1135753046889893+0.9489105929900331j),(2.3631102875922854-0.07295680069694578j),[0.28995724-0.23998027j 1.3306132 +1.101269j  ],False
0.641,2.789070881019599,-0.017835403566472417,(0.11346203079808437+0.94901493292872j),(2.3639432551104655-0.07284222703208958j),[0.28808527-0.24000392j 1.33119625+1.10901997j],False
0.64,2.7913626879403597,-0.017761256632249253,(0.11334742809822575+0.9490497976790588j),(2.3647391770885564-0.07272246362465855j),[0.28622057-0.24002081j 1.33175591+1.11679303j],False
0.639,2.7936372932988567,-0.017686213570984273,(0.11323149654661276+0.949014855609223j),(2.365497976540971-0.07259750400473085j),[0.28436326-0.240031j   1.33229199+1.12458758j],False
0.638,2.7958948137153845,-0.017610278312730827,(0.11311423717026999+0.9489097633752328j),(2.366219577402025-0.07246734147423167j),[0.28251344-0.24003454j 1.33280428+1.132403j  ],False
0.637,2.7981353654757046,-0.017533454564441643,(0.11299565050644932+0.9487341645094568j),(2.3669039041367337-0.07233196834135762j),[0.28067124-0.24003149j 1.33329255+1.14023865j],False
0.636,2.800359064567359,-0.017455745819482504,(0.11287573699321896+0.9484876894626003j),(2.3675508818549162-0.07219137610331804j),[0.2788368 -0.2400219j  1.33375662+1.14809382j],False
0.635,2.8025660266835026,-0.017377155361515795,(0.11275449702193946+0.9481699553816562j),(2.368160436340965-0.07204555546383797j),[0.27701022-0.24000583j 1.33419627+1.15596777j],False
0.634,2.804756367221415,-0.017297686267209855,(0.11263193093884469+0.9477805658300031j),(2.3687324940692096-0.07189449632460282j),[0.27519166-0.23998335j 1.33461132+1.1638597j ],False
0.633,2.806930201280999,-0.017217341408433215,(0.11250803904534613+0.9473191104908112j),(2.369266982219639-0.07173818777505597j),[0.27338126-0.2399545j  1.33500155+1.17176878j],False
0.632,2.8090876437084917,-0.01713612345929824,(0.11238282160005965+0.9467851651547813j),(2.3697638288268132-0.07157661810343813j),[0.27157915-0.23991935j 1.33536679+1.17969413j],False
0.631,2.8112288092383064,-0.017054034909024938,(0.11225627887328966+0.946178292353702j),(2.3702229632176146-0.07140977487663695j),[0.2697855 -0.23987798j 1.33570681+1.18763481j],False
0.63,2.813353811785904,-0.016971077978082425,(0.11212841110849145+0.9454980362825767j),(2.370644313947743-0.07123764457161331j),[0.26800046-0.23983044j 1.33602146+1.19558983j],False
0.629,2.8154627652680673,-0.01688725472308555,(0.11199921836647934+0.9447439279623083j),(2.371027811266641-0.07106021288955554j),[0.26622418-0.23977681j 1.33631056+1.20355813j],False
0.628,2.8175557833965574,-0.016802567011597838,(0.11186870343907468+0.9439154839352878j),(2.3713733865094997-0.0708774659199156j),[0.26445684-0.23971714j 1.33657393+1.21153865j],False
0.627,2.8196329795154336,-0.016717016493572545,(0.11173686735107946+0.943012204005585j),(2.3716809716462235-0.07068938806292897j),[0.26269862-0.23965153j 1.33681141+1.2195302j ],False
0.626,2.821694466476112,-0.016630604581003215,(0.1116037072906005+0.9420335694672789j),(2.3719504988778906-0.07049596103725625j),[0.26094968-0.23958003j 1.33702284+1.22753157j],False
0.625,2.82374035695003,-0.016543332500792325,(0.11146922332762853+0.9409790460568925j),(2.3721819016338057-0.07029716697468352j),[0.25921023-0.23950273j 1.33720806+1.23554144j],False
0.624,2.8257707632983795,-0.016455201272046843,(0.1113334155023628+0.9398480820533958j),(2.372375114192875-0.07009298705089256j),[0.25748045-0.2394197j  1.33736694+1.24355847j],False
0.623,2.8277857975707725,-0.016366211704808696,(0.11119628382540017+0.9386401077587025j),(2.372530071699215-0.06988340146132892j),[0.25576054-0.23933103j 1.33749933+1.25158123j],False
0.622,2.8297855715041473,-0.01627636439841372,(0.1110578282802866+0.9373545349511384j),(2.3726467101783895-0.06966838939648641j),[0.25405072-0.23923681j 1.33760511+1.2596082j ],False
0.621,2.8317701965199555,-0.016185659734493103,(0.1109180488228929+0.9359907563041302j),(2.3727249665519965-0.06944792901368296j),[0.2523512 -0.23913711j 1.33768415+1.2676378j ],False
0.62,2.833739783721288,-0.016094097870727155,(0.1107769453833738+0.9345481447776093j),(2.3727647786541755-0.06922199740835717j),[0.25066221-0.23903204j 1.33773637+1.27566838j],False
0.619,2.835694443894384,-0.016001678747463294,(0.11063451786728573+0.9330260529722828j),(2.3727660852468304-0.06899057058275604j),[0.24898396-0.23892168j 1.33776166+1.28369818j],False
0.618,2.837634287506019,-0.015908402076050446,(0.1104907661556457+0.9314238124456219j),(2.372728826033892-0.06875362341186352j),[0.24731671-0.23880613j 1.33775993+1.29172537j],False
0.617,2.8395594247029363,-0.01581426733506944,(0.11034569010732155+0.9297407329977527j),(2.3726529416788806-0.06851112960860958j),[0.2456607 -0.23868549j 1.33773112+1.29974801j],False
0.616,2.8414699653098285,-0.015719273766098354,(0.11019928955851643+0.9279761019060494j),(2.372538373817927-0.06826306168469953j),[0.24401619-0.23855987j 1.33767518+1.30776409j],False
0.615,2.8433660188287946,-0.015623420368962906,(0.11005156432451485+0.9261291831274241j),(2.372385065077177-0.06800939091058804j),[0.24238345-0.23842937j 1.33759206+1.31577149j],False
0.614,2.8452476944374845,-0.015526705896287258,(0.10990251420098253+0.9241992164460701j),(2.372192959086287-0.06775008727195474j),[0.24076275-0.23829409j 1.33748175+1.32376795j],False
0.613,2.847115100988145,-0.015429128847382128,(0.10975213896340803+0.9221854165786781j),(2.371962000494567-0.06748511942294103j),[0.23915436-0.23815417j 1.33734423+1.33175116j],False
0.612,2.8489683469944893,-0.015330687459510151,(0.10960043825561233+0.9200869721209749j),(2.3716921349496065-0.06721445458276774j),[0.23755862-0.23800971j 1.3371795 +1.33971864j],False
0.611,2.850807540615687,-0.015231379694733854,(0.10944741145567513+0.9179030444148237j),(2.3713833090677996-0.06693805841884881j),[0.2359758 -0.23786084j 1.33698762+1.34766783j],False
0.61,2.8526327897535646,-0.015131203244646393,(0.10929305865944842+0.9156327673907428j),(2.371035470761084-0.06665589546167588j),[0.23440624-0.23770768j 1.33676862+1.35559602j],False
0.609,2.8544442019398337,-0.015030155510882404,(0.10913737955946862+0.9132752454239073j),(2.3706485689000996-0.06636792850706588j),[0.23285028-0.23755038j 1.33652257+1.36350039j],False
0.608,2.8562418843732753,-0.014928233595410276,(0.10898037383090024+0.9108295524913709j),(2.370222553449167-0.06607411873744985j),[0.23130825-0.23738906j 1.33624956+1.37137795j],False
0.607,2.858025943865828,-0.01482543428262941,(0.10882204188889293+0.9082947304582705j),(2.369757375243132-0.06577442593234052j),[0.22978051-0.23722387j 1.33594973+1.3792256j ],False
0.606,2.859796486975691,-0.014721754047449914,(0.10866238297987658+0.9056697888876788j),(2.369252986607315-0.06546880769211312j),[0.22826745-0.23705495j 1.3356232 +1.38704007j],False
0.605,2.8615536199158322,-0.014617189030367475,(0.10850139643858986+0.9029537028558386j),(2.3687093409683464-0.06515721982575713j),[0.22676943-0.23688245j 1.33527015+1.39481793j],False
0.604,2.8632974485403206,-0.014511735022612132,(0.10833908188164836+0.9001454113343837j),(2.3681263928109244-0.06483961633872673j),[0.22528689-0.23670654j 1.33489077+1.40255558j],False
0.603,2.865028078363923,-0.014405387454842862,(0.10817543891225441+0.8972438157669498j),(2.3675040977861066-0.06451594923611764j),[0.22382022-0.23652739j 1.33448528+1.41024927j],False
0.602,2.8667456145607555,-0.014298141381675449,(0.10801046712106387+0.8942477783669895j),(2.3668424127256915-0.06418616842912052j),[0.22236989-0.23634515j 1.33405393+1.41789505j],False
0.601,2.8684501619623703,-0.014189991463036079,(0.10784416608649175+0.8911561203057609j),(2.3661412956560484-0.06385022163480791j),[0.22093634-0.23616j    1.33359703+1.42548876j],False
0.6,2.870141825054574,-0.01408093194185835,(0.10767653537655396+0.887967619785396j),(2.365400705812505-0.06350805426981214j),[0.21952006-0.23597214j 1.33311488+1.43302608j],False
0.599,2.8718207079786104,-0.013970956632280637,(0.10750757454766682+0.8846810099849544j),(2.3646206036534685-0.06315960933533976j),[0.21812154-0.23578175j 1.33260784+1.44050243j],False
0.598,2.8734869145290842,-0.013860058893635712,(0.10733728314767618+0.8812949768709089j),(2.3638009508741944-0.06280482729591452j),[0.21674129-0.23558901j 1.33207632+1.44791305j],False
0.597,2.8751405481528174,-0.013748231607853125,(0.10716566071449049+0.8778081568604296j),(2.362941710420701-0.062443645947738186j),[0.21537988-0.23539416j 1.33152074+1.45525292j],False
0.596,2.8767817119474324,-0.013635467155495025,(0.1069927067779839+0.8742191343259027j),(2.362042846503266-0.06207600027903591j),[0.21403788-0.23519739j 1.33094156+1.46251679j],False
0.595,2.878410508660298,-0.0135217573898425,(0.10681842086211875+0.870526438929242j),(2.3611043246105257-0.06170182232048972j),[0.21271585-0.23499892j 1.33033932+1.46969913j],False
0.594,2.8800270406870863,-0.013407093608801615,(0.10664280248137734+0.8667285427665254j),(2.36012611152255-0.06132104098226491j),[0.21141445-0.23479898j 1.32971459+1.47679416j],False
0.593,2.8816314100542817,-0.01329146652222735,(0.10646585118821626+0.8628238571508198j),(2.359108175257931-0.060933581888122826j),[0.21013432-0.23459781j 1.32906794+1.48379579j],False
0.592,2.8832237184972245,-0.013174866232585089,(0.10628756707769617+0.8588107302759905j),(2.3580504854181483-0.060539367447441775j),[0.20887616-0.23439566j 1.32840004+1.49069765j],False
0.591,2.8848040676208075,-0.013057282231568915,(0.10610795352338767+0.8546874460512437j),(2.356953013909114-0.06013831785943953j),[0.20764067-0.23419279j 1.32771156+1.4974931j ],False
0.59,2.8863725581551103,-0.012938703214769708,(0.10592700614720707+0.8504522101594597j),(2.355815731789969-0.05973034596004397j),[0.20642863-0.23398946j 1.32700329+1.50417503j],False
0.589,2.887929290723075,-0.012819117193601818,(0.10574472450489406+0.8461031564662919j),(2.354638612537966-0.059315362218682416j),[0.20524082-0.23378596j 1.32627602+1.51073607j],False
0.588,2.8894743655696318,-0.01269851139584359,(0.1055611079572058+0.8416383390323317j),(2.3534216309411997-0.058893272641909876j),[0.20407808-0.23358255j 1.32553063+1.51716842j],False
0.587,2.891007882585265,-0.012576872221306538,(0.10537615593558412+0.8370557276623242j),(2.352164763195054-0.05846397862221914j),[0.20294131-0.23337955j 1.32476805+1.52346393j],False
0.586,2.892529941332361,-0.012454185194622606,(0.10518986822157295+0.8323532031239056j),(2.350867987010692-0.05802737676936598j),[0.20183144-0.23317727j 1.32398923+1.52961401j],False
0.585,2.8940406409874986,-0.012330434898174578,(0.10500224436436924+0.8275285510495474j),(2.349531281435832-0.05758335833185218j),[0.20074944-0.23297603j 1.32319524+1.53560961j],False
0.584,2.895540080363074,-0.012205604914576383,(0.1048132839156236+0.822579456233046j),(2.3481546269449116-0.05713180895878585j),[0.19969637-0.23277616j 1.32238717+1.54144122j],False
0.583,2.8970283579055125,-0.012079677759381385,(0.10462298643068442+0.8175034961815787j),(2.3467380054496485-0.05667260832664475j),[0.19867331-0.23257802j 1.3215662 +1.54709882j],False
0.582,2.898505571694132,-0.011952634807819442,(0.10443135146845221+0.8122981341257699j),(2.3452814003121083-0.05620562973345406j),[0.19768144-0.23238196j 1.32073355+1.55257188j],False
0.581,2.899971819440064,-0.011824456214869657,(0.10423837859372637+0.8069607114250339j),(2.3437847963582303-0.05573073965806051j),[0.196722  -0.23218837j 1.31989054+1.55784927j],False
0.58,2.9014271984831717,-0.011695120824855326,(0.10404406737510828+0.8014884392931126j),(2.342248179888781-0.05524779727734417j),[0.1957963 -0.23199762j 1.31903852+1.56291926j],False
0.579,2.9028718057917455,-0.011564606079485095,(0.10384841738771716+0.7958783897813176j),(2.3406715386913874-0.05475665394109652j),[0.19490573-0.23181015j 1.31817895+1.5677695j ],False
0.578,2.9043057379614945,-0.011432887912396316,(0.10365142821413031+0.7901274859312278j),(2.3390548620525595-0.05425715259691314j),[0.19405179-0.23162636j 1.31731332+1.57238694j],False
0.577,2.905729091214287,-0.011299940633813454,(0.10345309944337046+0.7842324910022312j),(2.3373981407700017-0.053749127159277724j),[0.19323605-0.2314467j  1.31644321+1.57675778j],False
0.576,2.9071419613966345,-0.011165736804969881,(0.10325343067237723+0.7781899966622731j),(2.3357013671637974-0.053232401817810734j),[0.1924602 -0.23127162j 1.31557029+1.58086749j],False
0.575,2.908544443978599,-0.011030247099734682,(0.10305242150769613+0.7719964100220008j),(2.333964535088265-0.05270679027661713j),[0.19172606-0.2311016j  1.31469626+1.58470063j],False
0.574,2.909936634052225,-0.010893440151790057,(0.10285007156452843+0.7656479393640709j),(2.332187639942499-0.05217209491481131j),[0.19103556-0.23093714j 1.31382288+1.58824093j],False
0.573,2.9113186263306385,-0.010755282385976055,(0.10264638046841032+0.759140578413446j),(2.330370678682523-0.05162810586090302j),[0.19039078-0.23077875j 1.31295203+1.59147111j],False
0.572,2.912690515146449,-0.010615737831203538,(0.10244134785538934+0.7524700889516663j),(2.3285136498321273-0.05107459996761023j),[0.18979394-0.23062695j 1.3120856 +1.59437287j],False
0.571,2.9140523944505983,-0.010474767912844329,(0.10223497337380877+0.7456319815628186j),(2.3266165534941603-0.05051133967546201j),[0.18924743-0.2304823j 1.31122556+1.5969268j],False
0.57,2.9154043578095017,-0.010332331219840476,(0.10202725668472058+0.7386214942503331j),(2.324679391359489-0.04993807174836381j),[0.18875383-0.23034538j 1.31037391+1.59911228j],False
0.569,2.916746498404677,-0.010188383248352199,(0.10181819746124512+0.7314335686504638j),(2.3227021667202936-0.04935452586490207j),[0.18831595-0.23021678j 1.30953272+1.6009074j ],False
0.568,2.9180789090162573,-0.010042876110914202,(0.1016077952168615+0.7240628232748002j),(2.320684884424546-0.04876041297465725j),[0.18793678-0.2300971j  1.30870406+1.60228883j],False
0.567,2.9194016820403186,-0.009895758216069283,(0.10139604951928953+0.7165035240287398j),(2.3186275509517587-0.04815542362091993j),[0.18761961-0.22998699j 1.30789005+1.60323171j],False
0.566,2.920714909511969,-0.009746973910331937,(0.10118296026886979+0.7087495511962653j),(2.316530174512115-0.047539226067690434j),[0.18736796-0.2298871j  1.30709281+1.60370955j],False
0.565,2.922018683057906,-0.00959646305894584,(0.10096852717100686+0.7007943612885599j),(2.3143927648915184-0.046911463853381026j),[0.1871857 -0.22979812j 1.30631442+1.60369404j],False
0.564,2.9233130939128573,-0.00944416058559432,(0.10075274994603724+0.6926309448725222j),(2.3122153335251507-0.046271753347306495j),[0.18707704-0.22972071j 1.30555695+1.6031549j ],False
0.563,2.924598232918336,-0.009289995945742702,(0.10053562832643995+0.6842517785108149j),(2.309997893506786-0.04561968088042162j),[0.18704658-0.22965561j 1.30482243+1.60205966j],False
0.562,2.925874190521518,-0.009133892526490642,(0.10031716205906313+0.6756487701042005j),(2.307740459599714-0.04495479947979584j),[0.18709937-0.22960352j 1.30411273+1.60037351j],False
0.561,2.927141056773193,-0.008975766959169454,(0.10009735090636229+0.6668131964678389j),(2.3054430482431587-0.0442766251337976j),[0.18724095-0.2295652j  1.30342965+1.59805903j],False
0.56,2.928398921326588,-0.008815528330300498,(0.09987619464415165+0.6577356317820899j),(2.303105677563909-0.04358463250515788j),[0.18747742-0.22954138j 1.30277478+1.59507591j],False
0.559,2.9296478734345985,-0.008653077270376893,(0.09965369306784604+0.6484058651927568j),(2.3007283673832952-0.04287824999021539j),[0.18781554-0.22953281j 1.30214946+1.59138062j],False
0.558,2.930888001950396,-0.008488304900322275,(0.09942984598705193+0.6388128055002926j),(2.298311139227351-0.042156853993466754j),[0.18826281-0.22954021j 1.30155474+1.58692609j],False
0.557,2.9321193953654245,-0.008321091612967551,(0.09920465381592869+0.6289443712564612j),(2.295854016550251-0.04141976248941532j),[0.18882752-0.22956432j 1.30099125+1.58166128j],False
0.556,2.9333421419521337,-0.008151305675762154,(0.09897811955819083+0.618787364624677j),(2.293357025521703-0.04066622797876243j),[0.18951899-0.22960586j 1.30045902+1.57553075j],False
0.555,2.9345563291357397,-0.00797880135936886,(0.09875023987068227+0.6083273051058575j),(2.2908201916853734-0.03989542491437564j),[0.19034766-0.22966543j 1.29995764+1.56847389j],False
0.554,2.9357620441523826,-0.007803417113326035,(0.09852101470645906+0.5975482641815981j),(2.288243543475224-0.039106442511727756j),[0.19132523-0.22974362j 1.29948582+1.56042449j],False
0.553,2.9369593738484467,-0.007624973115981265,(0.09829044401645093+0.586432646611524j),(2.285627111151083-0.038298270574920044j),[0.19246497-0.22984089j 1.29904127+1.55130981j],False
0.552,2.9381484046454256,-0.007443268389657028,(0.09805852770934677+0.5749609330889387j),(2.282970926661641-0.03746978391885433j),[0.19378196-0.22995757j 1.29862046+1.54104971j],False
0.551,2.939329222539295,-0.007258077319173997,(0.09782526551718006+0.5631113699949947j),(2.2802750236654377-0.03661972355007124j),[0.19529334-0.23009381j 1.29821837+1.5295555j ],False
0.55,2.9405019131552557,-0.007069145414554666,(0.09759065770822971+0.5508595923836025j),(2.2775394377361335-0.03574667399442441j),[0.1970189 -0.23024946j 1.29782796+1.5167285j ],False
0.549,2.941666561684354,-0.006876184060000032,(0.09735470431954503+0.5381781582728739j),(2.2747642061552416-0.03484903482834018j),[0.19898142-0.23042403j 1.29743988+1.50245845j],False
0.548,2.9428232529126044,-0.006678864007616451,(0.09711740588545391+0.5250359721618069j),(2.271949368040981-0.033924985829318424j),[0.20120742-0.23061652j 1.29704169+1.48662134j],False
0.547,2.9439720711969444,-0.006476807167050723,(0.09687876226514539+0.5113975593772804j),(2.269094964232852-0.03297244254728809j),[0.20372796-0.23082527j 1.29661713+1.46907676j],False
0.546,2.945113100477137,-0.0062695761652943865,(0.09663877334169525+0.4972221449466973j),(2.2662010373711436-0.03198900038411337j),[0.20657976-0.23104773j 1.29614508+1.44966467j],False
0.545,2.946246424271295,-0.006056660853070797,(0.09639743934817085+0.482462465972122j),(2.2632676319577647-0.03097186225471075j),[0.20980658-0.23128003j 1.29559819+1.42820097j],False
0.544,2.9473721256993315,-0.0058374606176576135,(0.09615476024609679+0.46706321558181524j),(2.260294794217707-0.02991774347026683j),[0.2134612 -0.23151658j 1.29494083+1.40447195j],False
0.543,2.9484902874392054,-0.005611260740536748,(0.09591073631703964+0.45095897233489746j),(2.257282572288552-0.028822745339527188j),[0.21760791-0.23174935j 1.29412683+1.37822678j],False
0.542,2.9496009917536212,-0.005377200246450213,(0.0956653677728689+0.43407138447249966j),(2.2542310161085926-0.027682182836732742j),[0.22232622-0.23196679j 1.29309569+1.34916729j],False
0.541,2.950704320482205,-0.005134227094697229,(0.09541865485477373+0.4163052564572026j),(2.2511401774543156-0.026490344961347348j),[0.22771595-0.23215228j 1.29176758+1.31693369j],False
0.54,2.9518003550407155,-0.004881034082352088,(0.09517059783513962+0.3975429615024561j),(2.2480101099496723-0.025240152185429146j),[0.23390474-0.23228164j 1.29003586+1.28108418j],False
0.539,2.9528891763893723,-0.004615964223288778,(0.09492119658163728+0.3776362098567124j),(2.244840868970999-0.023922651164296253j),[0.24105944-0.23231919j 1.28775575+1.24106471j],False
0.538,2.953970865102337,-0.0043368657857636005,(0.09467045153143851+0.35639346249284437j),(2.2416325118955243-0.022526241601737298j),[0.24940409-0.23221115j 1.28472643+1.19616246j],False
0.537,2.9550455013175143,-0.004040859716095458,(0.0944183629680515+0.3335597789525624j),(2.2383850979436093-0.021035436609144417j),[0.25924926-0.23187394j 1.28066169+1.14543071j],False
0.536,2.9561131647438397,-0.003723944706955369,(0.094164931088438+0.3087826664305745j),(2.235098688218883-0.0194287599160224j),[0.27104405-0.23117237j 1.27513803+1.08756009j],False
0.535,2.957173933289266,-0.0033802746613052687,(0.09391015399584678+0.28154972939064876j),(2.231773337735282-0.017674902239633895j),[0.28547383-0.22987496j 1.26749794+1.02064015j],False
0.534,2.958227888461253,-0.0030007060230486347,(0.09365403583997237+0.25106355853488677j),(2.228409126789289-0.015725002211339635j),[0.30366579-0.22755407j 1.25664074+0.94167248j],False
0.533,2.959275107447144,-0.002569415392253455,(0.09339657444071951+0.21595106365912367j),(2.2250061150335-0.013494688152373696j),[0.32768865-0.22331723j 1.24052823+0.84541024j],False
0.532,2.960315665419046,-0.0020541213912954773,(0.09313778076405496+0.17342497295555265j),(2.22156435457682-0.010812221742519501j),[0.36208448-0.21489483j 1.21465154+0.72088793j],False
0.531,2.9613496450064067,-0.0013627173788236442,(0.09287763166155864+0.11557384374102574j),(2.218083945851798-0.0071887583367535824j),[0.42123321-0.19352141j 1.16466012+0.53506385j],False
0.53,2.9618104370800973,2.4133054735938695e-102,(0.15195998595926416-3.439012416413069e-101j),(2.2108823381502885+3.3860377128318483e-102j),[0.44776768+1.85101581e-99j 1.32559024-5.47982490e-99j],False
