Omega,x,x0,v0,stable,floquet
0.676,3.1944601568843978,3.1293318211389938,0.0002736896381928,False,[4.16625590e+05 1.59430783e-06]
0.677,3.194445380585366,3.129350376975192,0.0002741899085541,False,[4.09078941e+05 1.62544893e-06]
0.678,3.1944254206437277,3.12936893491331,0.0002746715790498,False,[4.01016834e+05 1.65845267e-06]
0.679,3.194408297624739,3.1293875025535174,0.000275160176492,False,[3.93498533e+05 1.69093255e-06]
0.68,3.1943911378870444,3.129406073982974,0.000275650964864,False,[3.86138642e+05 1.72489672e-06]
0.681,3.1943734289329218,3.129424650572655,0.000276139506905,False,[3.78872827e+05 1.75874447e-06]
0.682,3.194356029344899,3.1294432331823696,0.0002766285124051,False,[3.71801533e+05 1.79288327e-06]
0.683,3.194338604900619,3.129461822040465,0.0002771160170622,False,[3.64880410e+05 1.82847725e-06]
0.684,3.194319829442095,3.129480419699349,0.0002775919036791,False,[3.57961607e+05 1.86497346e-06]
0.685,3.1943034890830204,3.1294990162347744,0.0002780884625395,False,[3.51454339e+05 1.90015999e-06]
0.686,3.1942863976323403,3.129517621601385,0.0002785761372002,False,[3.45005487e+05 1.93709275e-06]
0.687,3.1942682146740267,3.129536231047405,0.0002790597788896,False,[3.38584173e+05 1.97536428e-06]
0.688,3.1942520930895397,3.1295548496084384,0.000279547871485,False,[3.32503028e+05 2.01203511e-06]
0.689,3.1942344125789264,3.1295734767410504,0.0002800230334699,False,[3.26399337e+05 2.05083052e-06]
0.69,3.1942166690851863,3.129592097025176,0.0002805144551415,False,[3.20420095e+05 2.09099380e-06]
0.691,3.1941968624568586,3.129610730448437,0.0002809834201435,False,[3.14383456e+05 2.13171006e-06]
0.692,3.1941803070856936,3.1296293670937474,0.0002814713024046,False,[3.08764486e+05 2.17190245e-06]
0.693,3.194163544189512,3.129648009095537,0.000281957268065,False,[3.03243501e+05 2.21308437e-06]
0.694,3.194146519532948,3.129666656261432,0.0002824411950818,False,[2.97814773e+05 2.25452823e-06]
0.695,3.1941293025215645,3.129685308476482,0.0002829235033564,False,[2.92482970e+05 2.29672878e-06]
0.696,3.19411196175355,3.1297039656808416,0.0002834045434478,False,[2.87252067e+05 2.34012259e-06]
0.697,3.1940945499010733,3.1297226278218315,0.0002838845820791,False,[2.82124254e+05 2.38418579e-06]
0.698,3.1940770996189745,3.12974129481884,0.0002843638255839,False,[2.77099832e+05 2.42833630e-06]
0.699,3.194059626697213,3.1297599666152767,0.0002848423591873,False,[2.72177673e+05 2.47368007e-06]
0.7,3.1940420582761395,3.1297786430053787,0.0002853199859705,False,[2.67350358e+05 2.52030441e-06]
0.701,3.194024612168234,3.1297973242365846,0.0002857974957544,False,[2.62630923e+05 2.56663770e-06]
0.702,3.194007127008379,3.1298160100838417,0.0002862742289115,False,[2.58005645e+05 2.61400419e-06]
0.703,3.1939896219068493,3.1298347005124905,0.0002867502622471,False,[2.53473719e+05 2.66270945e-06]
0.704,3.193972111475116,3.1298533955194308,0.0002872256058235,False,[2.49033972e+05 2.71148747e-06]
0.705,3.1939545795656707,3.129872094877016,0.0002877004104345,False,[2.44683297e+05 2.76094943e-06]
0.706,3.1939370497764896,3.129890798724436,0.0002881745392772,False,[2.40421120e+05 2.81163375e-06]
0.707,3.193919514579369,3.1299095069284197,0.000288648060802,False,[2.36244957e+05 2.86327850e-06]
0.708,3.193901973702927,3.129928219435536,0.0002891209726174,False,[2.32152833e+05 2.91489414e-06]
0.709,3.1938844270493396,3.12994693619372,0.0002895932715463,False,[2.28142834e+05 2.96767394e-06]
0.71,3.193866874583701,3.1299656571507435,0.0002900649551495,False,[2.24213100e+05 3.02183616e-06]
0.711,3.193849316335548,3.1299843822561995,0.0002905360189523,False,[2.20361818e+05 3.07605660e-06]
0.712,3.1938317524305546,3.1300031114588225,0.0002910064598337,False,[2.16587226e+05 3.13120836e-06]
0.713,3.193814182787552,3.130021844707516,0.0002914762749124,False,[2.12887598e+05 3.18750972e-06]
0.714,3.193796597285354,3.130040581937847,0.0002919454153489,False,[2.09260762e+05 3.24487337e-06]
0.715,3.193779020372191,3.130059323147866,0.0002924139629136,False,[2.05706271e+05 3.30229523e-06]
0.716,3.1937614374059096,3.1300780682337863,0.000292881897325,False,[2.02221802e+05 3.36096855e-06]
0.717,3.193743850013447,3.130096817145026,0.0002933492255753,False,[1.98805870e+05 3.42084968e-06]
0.718,3.1937262443474146,3.130115569889825,0.000293815770504,False,[1.95456344e+05 3.48119647e-06]
0.719,3.1937086468343248,3.130134326317401,0.0002942818432705,False,[1.92172912e+05 3.54241638e-06]
0.72,3.193691040869273,3.130153086443822,0.0002947472380601,False,[1.88953391e+05 3.60478589e-06]
0.721,3.1936734291338835,3.130171850205197,0.0002952119883437,False,[1.85796490e+05 3.66827589e-06]
0.722,3.193655811836753,3.1301906175547978,0.0002956760873382,False,[1.82700839e+05 3.73207149e-06]
0.723,3.193638189423938,3.130209388436197,0.0002961395437523,False,[1.79665115e+05 3.79710400e-06]
0.724,3.1936205618674247,3.1302281628016715,0.0002966023509497,False,[1.76688004e+05 3.86344618e-06]
0.725,3.193602929289445,3.1302469406046707,0.0002970645018226,False,[1.73768231e+05 3.93037044e-06]
0.726,3.1935852917787924,3.1302657217840046,0.000297526009936,False,[1.70904552e+05 3.99812416e-06]
0.727,3.19356764938211,3.130284506294013,0.0002979868668174,False,[1.68095748e+05 4.06707113e-06]
0.728,3.193550002184886,3.1303032940839994,0.0002984470713136,False,[1.65340634e+05 4.13729867e-06]
0.729,3.1935323502221276,3.130322085103868,0.0002989066214803,False,[1.62638050e+05 4.20799188e-06]
0.73,3.193514693547966,3.1303408793032825,0.0002993655159203,False,[1.59986864e+05 4.27982013e-06]
0.731,3.193497032216176,3.1303596766320045,0.000299823753259,False,[1.57385973e+05 4.35301627e-06]
0.732,3.193479366274208,3.1303784770401144,0.0003002813317858,False,[1.54834297e+05 4.42723103e-06]
0.733,3.1934616957739603,3.1303972804775877,0.000300738250132,False,[1.52330785e+05 4.50201333e-06]
0.734,3.193444020762746,3.130416086894736,0.0003011945065751,False,[1.49874408e+05 4.57807619e-06]
0.735,3.1934263413869686,3.130434896241714,0.0003016500998137,False,[1.47464167e+05 4.65550693e-06]
0.736,3.193408657534877,3.13045370846902,0.0003021050281849,False,[1.45099077e+05 4.73382534e-06]
0.737,3.193390969324308,3.1304725235270894,0.0003025592902886,False,[1.42778183e+05 4.81303141e-06]
0.738,3.193373276805129,3.130491341366496,0.0003030128846913,False,[1.40500552e+05 4.89350350e-06]
0.739,3.193355580025462,3.1305101619380395,0.0003034658097866,False,[1.38265271e+05 4.97538713e-06]
0.74,3.1933378782127324,3.130528985267614,0.000303917951311,False,[1.36071429e+05 5.05801290e-06]
0.741,3.19332017321184,3.1305478111456133,0.000304369549261,False,[1.33918202e+05 5.14180283e-06]
0.742,3.193302464114192,3.130566639606656,0.0003048204763348,False,[1.31804715e+05 5.22696064e-06]
0.743,3.1932847508835898,3.1305854706081795,0.0003052707214607,False,[1.29730136e+05 5.31347177e-06]
0.744,3.193267033606838,3.130604304099456,0.0003057202862648,False,[1.27693655e+05 5.40068868e-06]
0.745,3.1932493123712846,3.130623140028621,0.0003061691742533,False,[1.25694482e+05 5.48926619e-06]
0.746,3.193231587202528,3.130641978348561,0.0003066173818092,False,[1.23731841e+05 5.57925523e-06]
0.747,3.193213858152773,3.1306608190110534,0.0003070649072511,False,[1.21804978e+05 5.67051029e-06]
0.748,3.1931961252712417,3.130679661967444,0.0003075117496423,False,[1.19913153e+05 5.76256571e-06]
0.749,3.1931783885899163,3.130698507171448,0.0003079579047167,False,[1.18055646e+05 5.85609087e-06]
0.75,3.193160648192756,3.130717354570343,0.0003084033780165,False,[1.16231750e+05 5.95102756e-06]
0.751,3.1931429041102493,3.1307362041201228,0.0003088481621601,False,[1.14440778e+05 6.04717206e-06]
0.752,3.1931251563922904,3.1307550557715587,0.000309292257785,False,[1.12682056e+05 6.14435703e-06]
0.753,3.1931074050889765,3.130773909476611,0.0003097356639097,False,[1.10954925e+05 6.24301902e-06]
0.754,3.1930896502469754,3.130792765187645,0.0003101783791078,False,[1.09258743e+05 6.34322350e-06]
0.755,3.19307189192059,3.1308116228563483,0.000310620403144,False,[1.07592882e+05 6.44463580e-06]
0.756,3.193054130150793,3.1308304824359605,0.0003110617336277,False,[1.05956726e+05 6.54713222e-06]
0.757,3.1930363649860736,3.130849343879074,0.0003115023693137,False,[1.04349675e+05 6.65116386e-06]
0.758,3.1930185964723297,3.130868207138417,0.0003119423089089,False,[1.02771143e+05 6.75671618e-06]
0.759,3.1930008247435513,3.1308870721665616,0.0003123815515242,False,[1.01220556e+05 6.86357816e-06]
0.76,3.1929830497010703,3.130905938916797,0.0003128200953742,False,[9.96973521e+04 6.97162614e-06]
0.761,3.192965271455217,3.130924807341869,0.000313257939647,False,[9.82009826e+04 7.08120933e-06]
0.762,3.1929474900530455,3.1309436773949826,0.0003136950830185,False,[9.67309117e+04 7.19237141e-06]
0.763,3.1929297055391497,3.1309625490295057,0.0003141315240723,False,[9.52866148e+04 7.30486499e-06]
0.764,3.1929119196716154,3.130981421679857,0.0003145680130496,False,[9.38676042e+04 7.41864642e-06]
0.765,3.1928941288454347,3.1310002964016483,0.0003150029527131,False,[9.24733248e+04 7.53405766e-06]
0.766,3.1928763349598763,3.131019172569157,0.0003154371800171,False,[9.11033139e+04 7.65114964e-06]
0.767,3.192858538295463,3.131038050114145,0.0003158707270593,False,[8.97570952e+04 7.76958768e-06]
0.768,3.192840738837747,3.131056928996406,0.000316303583534,False,[8.84341988e+04 7.88934994e-06]
0.769,3.1928229364394314,3.131075809192023,0.0003167357149647,False,[8.71341634e+04 8.01078568e-06]
0.77,3.1928051313383623,3.131094690632127,0.000317167154504,False,[8.58565429e+04 8.13397492e-06]
0.771,3.192787323528885,3.1311135732790856,0.0003175978887902,False,[8.46008975e+04 8.25857569e-06]
0.772,3.192769513048421,3.131132457085874,0.0003180279183469,False,[8.33667980e+04 8.38457345e-06]
0.773,3.1927516999231482,3.1311513420095096,0.0003184572380187,False,[8.21538240e+04 8.51228106e-06]
0.774,3.1927338842502198,3.131170227999432,0.0003188858542659,False,[8.09615653e+04 8.64172034e-06]
0.775,3.1927160659489076,3.131189115026461,0.0003193137417142,False,[7.97896185e+04 8.77277489e-06]
0.776,3.1926982451815373,3.1312080030309186,0.0003197409205136,False,[7.86375916e+04 8.90520460e-06]
0.777,3.192680421978109,3.13122689196906,0.0003201673873912,False,[7.75050995e+04 9.03943874e-06]
0.778,3.1926625963739808,3.1312457817956507,0.0003205931412829,False,[7.63917657e+04 9.17547732e-06]
0.779,3.1926447683952435,3.131264672471047,0.000321018173264,False,[7.52972215e+04 9.31317481e-06]
0.78,3.192626938064604,3.1312835639526253,0.0003214424787538,False,[7.42211060e+04 9.45237844e-06]
0.781,3.192609105484875,3.13130245618676,0.0003218660697741,False,[7.31630671e+04 9.59340832e-06]
0.782,3.1925912706466084,3.1313213491376195,0.0003222889321025,False,[7.21227589e+04 9.73620627e-06]
0.783,3.1925734336253817,3.1313402427553974,0.0003227110723817,False,[7.10998436e+04 9.88085958e-06]
0.784,3.192555594522618,3.1313591369975238,0.000323132486733,False,[7.00939910e+04 1.00271136e-05]
0.785,3.192537753274106,3.1313780318187074,0.0003235531754341,False,[6.91048763e+04 1.01751430e-05]
0.786,3.192519909969463,3.1313969271758157,0.0003239731357988,False,[6.81321829e+04 1.03250131e-05]
0.787,3.1925020646522246,3.1314158230240365,0.0003243923676964,False,[6.71756007e+04 1.04768333e-05]
0.788,3.192484217367983,3.131434719319842,0.00032481086936,False,[6.62348259e+04 1.06303632e-05]
0.789,3.19246636815917,3.13145361601941,0.0003252286395649,False,[6.53095610e+04 1.07856613e-05]
0.79,3.192448517073328,3.131472513078557,0.0003256456778221,False,[6.43995152e+04 1.09429020e-05]
0.791,3.192430664150866,3.1314914104540468,0.0003260619823777,False,[6.35044032e+04 1.11021982e-05]
0.792,3.192412809434928,3.1315103081025,0.0003264775518761,False,[6.26239461e+04 1.12633024e-05]
0.793,3.1923949522972936,3.13152920658428,0.0003268915215727,False,[6.17578653e+04 1.14261748e-05]
0.794,3.192377094223333,3.131548104580252,0.0003273057153281,False,[6.09059046e+04 1.15910552e-05]
0.795,3.1923592343924305,3.131567002734013,0.0003277191485922,False,[6.00677952e+04 1.17579912e-05]
0.796,3.1923413731158954,3.131585900978234,0.0003281318577952,False,[5.92432825e+04 1.19269462e-05]
0.797,3.192323510184082,3.1316047992903373,0.0003285438099243,False,[5.84321132e+04 1.20976983e-05]
0.798,3.192305645657831,3.1316236976270546,0.0003289550046136,False,[5.76340416e+04 1.22705060e-05]
0.799,3.1922877797084555,3.131642595932802,0.0003293654604678,False,[5.68488273e+04 1.24453618e-05]
0.8,3.192269912271655,3.131661494171923,0.0003297751651724,False,[5.60762336e+04 1.26224113e-05]
0.801,3.1922520434622235,3.131680392295595,0.0003301841274046,False,[5.53160296e+04 1.28013453e-05]
0.802,3.1922341733003288,3.131699290266216,0.0003305923390609,False,[5.45679888e+04 1.29823420e-05]
0.803,3.1922163018028638,3.131718188041752,0.0003309997980902,False,[5.38318891e+04 1.31654997e-05]
0.804,3.192198429061516,3.1317370855722944,0.0003314065150472,False,[5.31075133e+04 1.33508620e-05]
0.805,3.192180555051506,3.131755982825425,0.0003318124742784,False,[5.23946480e+04 1.35383452e-05]
0.806,3.1921626798709677,3.1317748797527147,0.0003322176845273,False,[5.16930851e+04 1.37278439e-05]
0.807,3.1921448035311584,3.1317937763132213,0.0003326221429962,False,[5.10026197e+04 1.39195909e-05]
0.808,3.1921269261122065,3.131812672462756,0.0003330258525257,False,[5.03230520e+04 1.41135642e-05]
0.809,3.192109047632762,3.131831568161764,0.0003334288087591,False,[4.96541854e+04 1.43098187e-05]
0.81,3.192091168125241,3.131850463368036,0.0003338310114499,False,[4.89958276e+04 1.45081685e-05]
0.811,3.192073287726154,3.131869358038118,0.0003342324628114,False,[4.83477906e+04 1.47088067e-05]
0.812,3.192055406331336,3.131888252133483,0.0003346331572751,False,[4.77098890e+04 1.49117186e-05]
0.813,3.1920375240604613,3.131907145609692,0.0003350330987852,False,[4.70819422e+04 1.51169988e-05]
0.814,3.1920196409310857,3.131926038427193,0.0003354322837538,False,[4.64637727e+04 1.53245674e-05]
0.815,3.192001757008902,3.131944930543733,0.0003358307132265,False,[4.58552068e+04 1.55343259e-05]
0.816,3.1919838723236045,3.1319638219182946,0.0003362283861831,False,[4.52560739e+04 1.57464892e-05]
0.817,3.1919659869153794,3.1319827125103896,0.0003366253011424,False,[4.46662072e+04 1.59610208e-05]
0.818,3.191948100832244,3.1320016022784625,0.0003370214584144,False,[4.40854428e+04 1.61780736e-05]
0.819,3.19193021410846,3.132020491182369,0.0003374168562768,False,[4.35136203e+04 1.63974291e-05]
0.82,3.191912326794827,3.13203937918042,0.0003378114955805,False,[4.29505824e+04 1.66191712e-05]
0.821,3.1918944389264605,3.132058266233139,0.00033820537397,False,[4.23961749e+04 1.68434090e-05]
0.822,3.191876550548763,3.132077152299357,0.0003385984917625,False,[4.18502465e+04 1.70701351e-05]
0.823,3.191858661704724,3.132096037338726,0.0003389908483371,False,[4.13126491e+04 1.72994078e-05]
0.824,3.1918407724284084,3.132114921311335,0.0003393824424504,False,[4.07832373e+04 1.75310633e-05]
0.825,3.191822882764997,3.1321338041765845,0.0003397732741381,False,[4.02618685e+04 1.77652691e-05]
0.826,3.1918049927484287,3.132152685895206,0.0003401633415328,False,[3.97484031e+04 1.80020761e-05]
0.827,3.1917871024273747,3.1321715664265306,0.0003405526451376,False,[3.92427041e+04 1.82415097e-05]
0.828,3.191769211838684,3.132190445731107,0.0003409411837158,False,[3.87446370e+04 1.84835008e-05]
0.829,3.1917513210246766,3.132209323769047,0.0003413289568882,False,[3.82540701e+04 1.87279802e-05]
0.83,3.1917334300161313,3.1322282004976887,0.0003417159683254,False,[3.77708742e+04 1.89751627e-05]
0.831,3.1917155388723617,3.13224707588397,0.0003421022082835,False,[3.72949226e+04 1.92250227e-05]
0.832,3.1916976479311665,3.1322659498869,0.0003424876830121,False,[3.68260921e+04 1.94776185e-05]
0.833,3.191679756600707,3.1322848224636584,0.0003428723874099,False,[3.63642586e+04 1.97328663e-05]
0.834,3.191661865247586,3.132303693576768,0.0003432563233276,False,[3.59093036e+04 1.99907554e-05]
0.835,3.191643973906466,3.1323225631876683,0.0003436394893522,False,[3.54611098e+04 2.02514602e-05]
0.836,3.191626082624207,3.1323414312566698,0.000344021886005,False,[3.50195623e+04 2.05149408e-05]
0.837,3.1916081914352565,3.1323602977454583,0.0003444035118403,False,[3.45845481e+04 2.07812591e-05]
0.838,3.1915903003818977,3.1323791626149693,0.0003447843667435,False,[3.41559566e+04 2.10503058e-05]
0.839,3.1915724095028954,3.132398025826663,0.0003451644499657,False,[3.37336791e+04 2.13221392e-05]
0.84,3.1915545188990304,3.1324168873420337,0.0003455437608638,False,[3.33176094e+04 2.15968648e-05]
0.841,3.1915366285018174,3.1324357471226487,0.0003459222988684,False,[3.29076424e+04 2.18745081e-05]
0.842,3.1915187383977752,3.1324546051301634,0.000346300063429,False,[3.25036759e+04 2.21550836e-05]
0.843,3.191500848625822,3.1324734613262604,0.0003466770541142,False,[3.21056092e+04 2.24384876e-05]
0.844,3.1914829592245275,3.132492315672922,0.0003470532702207,False,[3.17133435e+04 2.27248329e-05]
0.845,3.191465070234178,3.1325111681321034,0.0003474287112662,False,[3.13267819e+04 2.30141395e-05]
0.846,3.1914471816935106,3.132530018665895,0.0003478033767121,False,[3.09458294e+04 2.33064857e-05]
0.847,3.191429293641128,3.1325488672365145,0.000348177265995,False,[3.05703926e+04 2.36018623e-05]
0.848,3.191411406067147,3.1325677139920147,0.0003485501143413,False,[3.02003800e+04 2.39001965e-05]
0.849,3.19139351907595,3.1325865585047743,0.0003489224754764,False,[2.98357017e+04 2.42015922e-05]
0.85,3.1913756327641445,3.1326054009512427,0.0003492940464479,False,[2.94762697e+04 2.45060764e-05]
0.851,3.1913577470421157,3.1326242412798124,0.0003496648447371,False,[2.91219972e+04 2.48137130e-05]
0.852,3.1913398620159827,3.13264307945877,0.0003500348631161,False,[2.87727993e+04 2.51244819e-05]
0.853,3.191321977718489,3.132661915451964,0.0003504040995941,False,[2.84285927e+04 2.54383285e-05]
0.854,3.191304094184927,3.132680749223475,0.0003507725520138,False,[2.80892954e+04 2.57553347e-05]
0.855,3.1912862113926312,3.132699580726233,0.0003511402331793,False,[2.77548271e+04 2.60755787e-05]
0.856,3.1912683294989352,3.1327184099394403,0.0003515071219043,False,[2.74251091e+04 2.63990823e-05]
0.857,3.1912504484552895,3.1327372368146595,0.0003518732327969,False,[2.71000637e+04 2.67258383e-05]
0.858,3.191232568320766,3.132756061319294,0.0003522385600244,False,[2.6779615e+04 2.7055783e-05]
0.859,3.1912146891112694,3.1327748834121723,0.0003526031093102,False,[2.64636884e+04 2.73890182e-05]
0.86,3.1911968109124573,3.1327937030654947,0.0003529668689494,False,[2.61522106e+04 2.77255822e-05]
0.861,3.1911789337073135,3.132812520232996,0.0003533298513301,False,[2.58451096e+04 2.80655331e-05]
0.862,3.191161057593366,3.132831334887843,0.0003536920439203,False,[2.55423149e+04 2.84088674e-05]
0.863,3.191143182557185,3.1328501469853505,0.0003540534575211,False,[2.52437570e+04 2.87554958e-05]
0.864,3.191125308652569,3.1328689564942667,0.0003544140852481,False,[2.49493679e+04 2.91055421e-05]
0.865,3.191107435940723,3.1328877633808587,0.000354773924037,False,[2.46590807e+04 2.94590591e-05]
0.866,3.1910895644036303,3.1329065676010908,0.0003551329841317,False,[2.43728297e+04 2.98160649e-05]
0.867,3.1910716941365598,3.132925369127812,0.0003554912540786,False,[2.40905505e+04 3.01765867e-05]
0.868,3.1910538251417466,3.13294416792064,0.0003558487396096,False,[2.38121797e+04 3.05405611e-05]
0.869,3.1910359574520477,3.1329629639443546,0.0003562054398855,False,[2.35376551e+04 3.09080606e-05]
0.87,3.1910180911843193,3.132981757166305,0.0003565613511523,False,[2.32669156e+04 3.12791453e-05]
0.871,3.1910002262643764,3.13300054754874,0.0003569164761261,False,[2.29999012e+04 3.16538262e-05]
0.872,3.190982362769823,3.133019335056429,0.0003572708145391,False,[2.27365530e+04 3.20321669e-05]
0.873,3.1909645007277874,3.1330381196531447,0.0003576243674705,False,[2.24768131e+04 3.24141020e-05]
0.874,3.190946640199101,3.133056901307598,0.0003579771297937,False,[2.22206246e+04 3.27996731e-05]
0.875,3.1909287812078393,3.133075679983123,0.0003583291034603,False,[2.19679317e+04 3.31889532e-05]
0.876,3.1909109237828996,3.1330944556437825,0.0003586802896354,False,[2.17186795e+04 3.35819514e-05]
0.877,3.190893067970124,3.1331132282563354,0.0003590306861405,False,[2.14728141e+04 3.39787293e-05]
0.878,3.1908752137956844,3.133131997784434,0.0003593802949733,False,[2.12302826e+04 3.43792453e-05]
0.879,3.1908573613000133,3.1331507641947374,0.0003597291143051,False,[2.09910329e+04 3.47834975e-05]
0.88,3.190839510523556,3.133169527453311,0.0003600771433014,False,[2.0755014e+04 3.5191606e-05]
0.881,3.1908216614944735,3.133188287524747,0.0003604243831135,False,[2.05221755e+04 3.56035616e-05]
0.882,3.1908038142577415,3.133207044375927,0.0003607708321137,False,[2.02924683e+04 3.60194190e-05]
0.883,3.1907859688388585,3.133225797971542,0.0003611164915839,False,[2.00658437e+04 3.64391963e-05]
0.884,3.1907681252827036,3.133244548279551,0.0003614613587531,False,[1.98422542e+04 3.68628480e-05]
0.885,3.1907502836126986,3.133263295263602,0.0003618054366414,False,[1.96216530e+04 3.72904433e-05]
0.886,3.190732443873201,3.133282038892073,0.0003621487221357,False,[1.94039940e+04 3.77220331e-05]
0.887,3.1907146060933194,3.133300779130157,0.0003624912164798,False,[1.91892321e+04 3.81576228e-05]
0.888,3.190696770307497,3.1333195159436413,0.0003628329203355,False,[1.89773228e+04 3.85972871e-05]
0.889,3.190678936556818,3.13333824930088,0.0003631738310197,False,[1.87682225e+04 3.90409914e-05]
0.89,3.1906611048709634,3.1333569791671247,0.0003635139501629,False,[1.85618883e+04 3.94887174e-05]
0.891,3.190643275285106,3.1333757055093137,0.0003638532772673,False,[1.83582780e+04 3.99405999e-05]
0.892,3.1906254478278573,3.133394428294616,0.0003641918116835,False,[1.81573502e+04 4.03966387e-05]
0.893,3.190607622548595,3.133413147490124,0.0003645295529879,False,[1.79590641e+04 4.08568612e-05]
0.894,3.190589799471388,3.1334318630618903,0.0003648665023237,False,[1.77633797e+04 4.13212838e-05]
0.895,3.1905719786327484,3.1334505749781942,0.0003652026579345,False,[1.75702577e+04 4.17898755e-05]
0.896,3.1905541600658207,3.1334692832056,0.0003655380205771,False,[1.73796593e+04 4.22627199e-05]
0.897,3.1905363438051015,3.133487987711743,0.0003658725896631,False,[1.71915465e+04 4.27398554e-05]
0.898,3.190518529883287,3.133506688463668,0.0003662063655589,False,[1.70058820e+04 4.32213019e-05]
0.899,3.1905007183353526,3.133525385429288,0.0003665393475963,False,[1.68226289e+04 4.37071394e-05]
0.9,3.190482909193946,3.133544078576139,0.0003668715357561,False,[1.66417512e+04 4.41972898e-05]
0.901,3.1904651024926065,3.1335627678717013,0.000367202930251,False,[1.64632134e+04 4.46918039e-05]
0.902,3.190447298266092,3.133581453284464,0.0003675335300553,False,[1.62869804e+04 4.51907163e-05]
0.903,3.1904294966014883,3.1336001347818443,0.0003678633357284,False,[1.61130181e+04 4.56941216e-05]
0.904,3.1904116974344157,3.133618812331776,0.0003681923473018,False,[1.59412925e+04 4.62020253e-05]
0.905,3.1903939008426043,3.1336374859028653,0.0003685205640112,False,[1.57717706e+04 4.67144364e-05]
0.906,3.190376106857733,3.133656155462817,0.0003688479864676,False,[1.56044196e+04 4.72313386e-05]
0.907,3.1903583155133366,3.1336748209801546,0.0003691746143095,False,[1.54392075e+04 4.77527856e-05]
0.908,3.190340526843822,3.133693482423864,0.0003695004466865,False,[1.52761028e+04 4.82788482e-05]
0.909,3.1903227408797203,3.133712139761517,0.000369825484824,False,[1.51150742e+04 4.88095402e-05]
0.91,3.1903049576555165,3.133730792962453,0.0003701497276689,False,[1.49560915e+04 4.93449106e-05]
0.911,3.1902871772026007,3.1337494419950573,0.0003704731756093,False,[1.47991244e+04 4.98849258e-05]
0.912,3.1902693995549836,3.1337680868286464,0.00037079582792,False,[1.46441436e+04 5.04296286e-05]
0.913,3.1902516247431216,3.13378672743131,0.0003711176856755,False,[1.44911199e+04 5.09790661e-05]
0.914,3.190233852801264,3.1338053637726744,0.0003714387480035,False,[1.43400249e+04 5.15332777e-05]
0.915,3.1902160837629716,3.133823995821708,0.0003717590150793,False,[1.41908303e+04 5.20922913e-05]
0.916,3.190198317663607,3.1338426235480585,0.0003720784863305,False,[1.40435087e+04 5.26561435e-05]
0.917,3.190180554529431,3.1338612469203784,0.0003723971625647,False,[1.38980328e+04 5.32248323e-05]
0.918,3.190162794392743,3.1338798659083085,0.0003727150434601,False,[1.37543759e+04 5.37983660e-05]
0.919,3.190145037285482,3.1338984804816645,0.0003730321285676,False,[1.36125116e+04 5.43768419e-05]
0.92,3.1901272832389784,3.133917090609609,0.0003733484185006,False,[1.34724142e+04 5.49602692e-05]
0.921,3.190109532285937,3.1339356962623306,0.0003736639125934,False,[1.33340582e+04 5.55486813e-05]
0.922,3.190091784458161,3.133954297409442,0.0003739786111259,False,[1.31974186e+04 5.61420948e-05]
0.923,3.190074039785835,3.1339728940205944,0.0003742925144335,False,[1.30624707e+04 5.67405295e-05]
0.924,3.1900562983015117,3.133991486066184,0.000374605621997,False,[1.29291902e+04 5.73439975e-05]
0.925,3.1900385600366934,3.134010073516172,0.0003749179340373,False,[1.27975535e+04 5.79525886e-05]
0.926,3.1900208250147974,3.134028656340563,0.0003752294508256,False,[1.26675369e+04 5.85662910e-05]
0.927,3.190003093281775,3.13404723451008,0.0003755401718171,False,[1.25391175e+04 5.91851704e-05]
0.928,3.189985364861642,3.134065807994972,0.0003758500972451,False,[1.24122725e+04 5.98092429e-05]
0.929,3.1899676397844887,3.134084376765496,0.000376159227471,False,[1.22869796e+04 6.04385014e-05]
0.93,3.189949918081619,3.1341029407924097,0.0003764675623058,False,[1.21632168e+04 6.10730012e-05]
0.931,3.1899321997838626,3.134121500046493,0.0003767751016753,False,[1.20409624e+04 6.17127807e-05]
0.932,3.1899144849216614,3.1341400544982045,0.0003770818460882,False,[1.19201953e+04 6.23578735e-05]
0.933,3.1898967735633468,3.1341586043111485,0.0003773875230127,False,[1.18008944e+04 6.30083214e-05]
0.934,3.1898790656730283,3.1341771490613497,0.0003776926914514,False,[1.16830392e+04 6.36641371e-05]
0.935,3.1898613612330626,3.1341956889207108,0.0003779970650752,False,[1.15666092e+04 6.43253625e-05]
0.936,3.1898436604430667,3.1342142238670023,0.0003783006391353,False,[1.14515846e+04 6.49919821e-05]
0.937,3.1898259632380204,3.1342327538636416,0.000378603421088,False,[1.13379458e+04 6.56640705e-05]
0.938,3.1898082696590446,3.134251278888416,0.0003789054043533,False,[1.12256733e+04 6.63416513e-05]
0.939,3.1897905797185913,3.134269798909852,0.0003792065917652,False,[1.11147482e+04 6.70247846e-05]
0.94,3.189772893444997,3.134288313897345,0.0003795069864353,False,[1.10051516e+04 6.77134849e-05]
0.941,3.1897552108326064,3.134306823822593,0.0003798065874196,False,[1.08968652e+04 6.84077577e-05]
0.942,3.1897375320057373,3.1343253286621264,0.0003801053906457,False,[1.07898709e+04 6.91076375e-05]
0.943,3.189719857013451,3.1343438283880523,0.0003804033964155,False,[1.06841507e+04 6.98131807e-05]
0.944,3.189702185698152,3.1343623229628164,0.0003807006130994,False,[1.05796870e+04 7.05244147e-05]
0.945,3.189684518258513,3.1343808123676773,0.0003809970324527,False,[1.04764625e+04 7.12413712e-05]
0.946,3.189666854693467,3.134399296572674,0.000381292656728,False,[1.03744602e+04 7.19640957e-05]
0.947,3.18964919501877,3.134417775549093,0.0003815874870225,False,[1.02736634e+04 7.26925800e-05]
0.948,3.189631539203238,3.134436249266621,0.000381881525483,False,[1.01740554e+04 7.34268497e-05]
0.949,3.1896138873413795,3.1344547177010758,0.0003821747692812,False,[1.00756200e+04 7.41669846e-05]
0.95,3.1895962395131487,3.1344731808274657,0.000382467216471,False,[9.97834119e+03 7.49130086e-05]
0.951,3.189578595631526,3.134491638611971,0.0003827588729734,False,[9.88220322e+03 7.56649533e-05]
0.952,3.1895609557843385,3.1345100910305503,0.0003830497360374,False,[9.78719056e+03 7.64228580e-05]
0.953,3.1895433200166665,3.134528538057116,0.0003833398047537,False,[9.69328793e+03 7.71867180e-05]
0.954,3.1895256883178447,3.134546979662649,0.0003836290808509,False,[9.60048026e+03 7.79565617e-05]
0.955,3.1895080607669466,3.1345654158224665,0.000383917562677,False,[9.50875275e+03 7.87324552e-05]
0.956,3.1894904373480215,3.1345838465073363,0.0003842052523754,False,[9.41809078e+03 7.95144433e-05]
0.957,3.1894728180940195,3.1346022716901567,0.0003844921506517,False,[9.32847999e+03 8.03025341e-05]
0.958,3.1894552030407772,3.134620691345429,0.0003847782561596,False,[9.23990623e+03 8.10967804e-05]
0.959,3.189437592211855,3.134639105445776,0.0003850635699968,False,[9.15235557e+03 8.18971912e-05]
0.96,3.1894199856350673,3.134657513964602,0.0003853480924219,False,[9.06581426e+03 8.27037748e-05]
0.961,3.1894023833639986,3.1346759168770832,0.000385631822097,False,[8.98026882e+03 8.35166175e-05]
0.962,3.189384785373893,3.134694314154012,0.0003859147618624,False,[8.89570590e+03 8.43357402e-05]
0.963,3.1893671917635076,3.134712705772712,0.0003861969086063,False,[8.81211243e+03 8.51611758e-05]
0.964,3.189349602506907,3.134731091704146,0.0003864782651696,False,[8.72947546e+03 8.59929669e-05]
0.965,3.189332017635637,3.134749471922067,0.0003867588321254,False,[8.64778229e+03 8.68311381e-05]
0.966,3.1893144372048114,3.1347678464028546,0.0003870386071933,False,[8.56702039e+03 8.76756940e-05]
0.967,3.1892968612263815,3.13478621511918,0.0003873175921616,False,[8.48717742e+03 8.85266854e-05]
0.968,3.189279289725999,3.1348045780452134,0.0003875957872486,False,[8.40824123e+03 8.93841543e-05]
0.969,3.1892617227148023,3.134822935154149,0.0003878731937368,False,[8.33019983e+03 9.02481497e-05]
0.97,3.189244160263666,3.134841286423182,0.0003881498092658,False,[8.25304146e+03 9.11186871e-05]
0.971,3.189226602344787,3.134859631823234,0.0003884256373874,False,[8.17675446e+03 9.19958161e-05]
0.972,3.1892090490208957,3.134877971331223,0.0003887006761428,False,[8.10132742e+03 9.28795471e-05]
0.973,3.189191500316386,3.1348963049218184,0.0003889749257123,False,[8.02674905e+03 9.37699069e-05]
0.974,3.1891739562974513,3.1349146325692536,0.0003892483869583,False,[7.95300826e+03 9.46669561e-05]
0.975,3.1891564169218043,3.1349329542489484,0.0003895210595895,False,[7.88009409e+03 9.55707246e-05]
0.976,3.1891388822280344,3.1349512699342967,0.0003897929453306,False,[7.80799575e+03 9.64812430e-05]
0.977,3.1891213522559645,3.1349695796012167,0.000390064043621,False,[7.73670263e+03 9.73985557e-05]
0.978,3.18910382702647,3.1349878832244045,0.0003903343551469,False,[7.66620427e+03 9.83226887e-05]
0.979,3.189086306579231,3.1350061807800738,0.0003906038791982,False,[7.59649035e+03 9.92536607e-05]
0.98,3.189068790942011,3.1350244722434324,0.0003908726162432,False,[7.52755072e+03 1.00191510e-04]
0.981,3.18905128012035,3.1350427575885544,0.0003911405677544,False,[7.45937536e+03 1.01136284e-04]
0.982,3.189033774154647,3.135061036791952,0.0003914077330346,False,[7.39195441e+03 1.02088019e-04]
0.983,3.1890162730570997,3.135079309827949,0.0003916741136883,False,[7.32527814e+03 1.03046749e-04]
0.984,3.1889987768762724,3.1350975766740974,0.0003919397080961,False,[7.25933699e+03 1.04012526e-04]
0.985,3.1889812856292328,3.1351158373052685,0.0003922045175188,False,[7.19412151e+03 1.04985359e-04]
0.986,3.188963799326264,3.1351340916962918,0.0003924685431785,False,[7.12962240e+03 1.05965275e-04]
0.987,3.1889463180140893,3.135152339824566,0.0003927317840129,False,[7.06583049e+03 1.06952323e-04]
0.988,3.188928841712465,3.1351705816656064,0.0003929942408401,False,[7.00273676e+03 1.07946550e-04]
0.989,3.1889113704376437,3.1351888171948223,0.0003932559146487,False,[6.94033229e+03 1.08947982e-04]
0.99,3.1888939042278466,3.135207046389397,0.0003935168048467,False,[6.87860832e+03 1.09956657e-04]
0.991,3.188876443103664,3.135225269225133,0.0003937769123079,False,[6.81755620e+03 1.10972608e-04]
0.992,3.188858987084973,3.135243485678225,0.0003940362374469,False,[6.75716740e+03 1.11995869e-04]
0.993,3.188841536202332,3.1352616957253345,0.0003942947805161,False,[6.69743352e+03 1.13026456e-04]
0.994,3.1888240904853964,3.1352798993435083,0.0003945525413262,False,[6.63834629e+03 1.14064424e-04]
0.995,3.1888066499469927,3.1352980965083983,0.0003948095212004,False,[6.57989753e+03 1.15109822e-04]
0.996,3.1887892146141743,3.135316287196798,0.0003950657204864,False,[6.52207922e+03 1.16162673e-04]
0.997,3.188771784518039,3.135334471386052,0.0003953211390202,False,[6.46488341e+03 1.17223028e-04]
0.998,3.1887543596867967,3.135352649053358,0.0003955757768791,False,[6.40830230e+03 1.18290905e-04]
0.999,3.188736940131091,3.135370820174465,0.000395829635704,False,[6.35232817e+03 1.19366333e-04]
1.0,3.1887195258834895,3.135388984720189,0.0003960827252775,False,[6.29695343e+03 1.20449343e-04]
1.001,3.188702116971979,3.1354071426757,0.0003963350342956,False,[6.24217060e+03 1.21539992e-04]
1.002,3.1886847134192577,3.135425294024304,0.0003965865547157,False,[6.18797228e+03 1.22638312e-04]
1.003,3.1886673152448206,3.1354434387357872,0.0003968372974951,False,[6.13435121e+03 1.23744342e-04]
1.004,3.18864992247954,3.135461576788457,0.0003970872620234,False,[6.08130021e+03 1.24858129e-04]
1.005,3.188632535140697,3.1354797081589423,0.0003973364497109,False,[6.02881221e+03 1.25979690e-04]
1.006,3.188615153261138,3.1354978328258705,0.0003975848598384,False,[5.97688022e+03 1.27109058e-04]
1.007,3.1885977768551452,3.135515950765745,0.0003978324941417,False,[5.92549739e+03 1.28246265e-04]
1.008,3.188580405951841,3.135534061957008,0.0003980793522863,False,[5.87465692e+03 1.29391361e-04]
1.009,3.188563040573619,3.135552166377423,0.0003983254347788,False,[5.82435213e+03 1.30544384e-04]
1.01,3.1885456807434105,3.13557026400473,0.0003985707423164,False,[5.77457643e+03 1.31705372e-04]
1.011,3.188528326488082,3.13558835481734,0.0003988152749123,False,[5.72532332e+03 1.32874363e-04]
1.012,3.1885109778276366,3.1356064387930447,0.0003990590333378,False,[5.67658640e+03 1.34051393e-04]
1.013,3.1884936347868775,3.1356245159101688,0.0003993020179173,False,[5.62835934e+03 1.35236494e-04]
1.014,3.1884762974324588,3.1356425861467767,0.0003995442293543,False,[5.58063593e+03 1.36429689e-04]
1.015,3.18845896570789,3.1356606494814034,0.0003997856679199,False,[5.53340999e+03 1.37631033e-04]
1.016,3.1884416396730617,3.1356787058925284,0.0004000263340362,False,[5.48667549e+03 1.38840565e-04]
1.017,3.188424319351707,3.1356967553587265,0.0004002662281386,False,[5.44042643e+03 1.40058320e-04]
1.018,3.188407004765521,3.135714797858454,0.000400505350889,False,[5.39465694e+03 1.41284338e-04]
1.019,3.1883896959379814,3.1357328333704926,0.0004007437026749,False,[5.34936119e+03 1.42518649e-04]
1.02,3.188372392891933,3.135750861873612,0.0004009812840073,False,[5.30453346e+03 1.43761285e-04]
1.021,3.1883550956511093,3.135768883346847,0.0004012180951844,False,[5.26016809e+03 1.45012273e-04]
1.022,3.1883378042356076,3.1357868977688206,0.0004014541370729,False,[5.2162595e+03 1.4627168e-04]
1.023,3.188320518672033,3.1358049051190062,0.0004016894097158,False,[5.17280220e+03 1.47539534e-04]
1.024,3.188303238978651,3.1358229053761115,0.0004019239140414,False,[5.12979076e+03 1.48815869e-04]
1.025,3.1882859651807824,3.1358408985196324,0.0004021576502607,False,[5.08721984e+03 1.50100727e-04]
1.026,3.1882686973003205,3.135858884528873,0.0004023906188532,False,[5.04508414e+03 1.51394145e-04]
1.027,3.1882514353580724,3.1358768633829426,0.0004026228206447,False,[5.00337848e+03 1.52696152e-04]
1.028,3.188234179378201,3.1358948350615266,0.000402854255898,False,[4.96209771e+03 1.54006780e-04]
1.029,3.1882169293821634,3.1359127995440117,0.0004030849253161,False,[4.92123676e+03 1.55326087e-04]
1.03,3.1881996853931716,3.135930756810282,0.0004033148291207,False,[4.88079066e+03 1.56654097e-04]
1.031,3.188182447430957,3.1359487068397853,0.0004035439681452,False,[4.84075445e+03 1.57990853e-04]
1.032,3.1881652155180786,3.135966649612468,0.0004037723427461,False,[4.80112328e+03 1.59336395e-04]
1.033,3.1881479896756315,3.135984585108132,0.000403999953537,False,[4.76189236e+03 1.60690764e-04]
1.034,3.1881307699265444,3.1360025133069125,0.0004042268008551,False,[4.72305695e+03 1.62053980e-04]
1.035,3.1881135562905123,3.1360204341886013,0.0004044528855217,False,[4.68461239e+03 1.63426094e-04]
1.036,3.1880963487909706,3.1360383477334963,0.0004046782079114,False,[4.64655406e+03 1.64807141e-04]
1.037,3.1880791474483767,3.1360562539217165,0.0004049027686583,False,[4.60887742e+03 1.66197166e-04]
1.038,3.18806195228509,3.136074152733672,0.0004051265681876,False,[4.57157800e+03 1.67596205e-04]
1.039,3.188044763321392,3.1360920441497706,0.0004053496069616,False,[4.53465136e+03 1.69004295e-04]
1.04,3.188027580578863,3.136109928150738,0.0004055718851662,False,[4.49809314e+03 1.70421478e-04]
1.041,3.188010404079116,3.1361278047168133,0.0004057934038106,False,[4.46189904e+03 1.71847787e-04]
1.042,3.187993233836905,3.1361456738284432,0.0004060141636648,False,[4.42606480e+03 1.73283255e-04]
1.043,3.1879760698844626,3.136163535466393,0.0004062341652134,False,[4.39058624e+03 1.74727916e-04]
1.044,3.187958912237736,3.1361813896115263,0.0004064534089431,False,[4.35545921e+03 1.76181828e-04]
1.045,3.1879417609165275,3.136199236244568,0.0004066718955813,False,[4.32067964e+03 1.77645029e-04]
1.046,3.1879246159425816,3.1362170753466043,0.000406889625544,False,[4.28624349e+03 1.79117547e-04]
1.047,3.187907477334906,3.1362349068984563,0.0004071065996422,False,[4.25214680e+03 1.80599424e-04]
1.048,3.1878903451156186,3.1362527308814245,0.0004073228182394,False,[4.21838563e+03 1.82090705e-04]
1.049,3.187873219304263,3.1362705472765624,0.0004075382820721,False,[4.18495611e+03 1.83591417e-04]
1.05,3.1878560999213525,3.136288356065178,0.000407752991684,False,[4.15185443e+03 1.85101594e-04]
1.051,3.1878389869877686,3.136306157228668,0.0004079669476231,False,[4.11907681e+03 1.86621282e-04]
1.052,3.187821880523129,3.136323950748425,0.0004081801505111,False,[4.08661954e+03 1.88150528e-04]
1.053,3.1878047805473275,3.136341736605861,0.0004083926010639,False,[4.05447894e+03 1.89689365e-04]
1.054,3.187787687081126,3.136359514782688,0.0004086042997394,False,[4.02265138e+03 1.91237831e-04]
1.055,3.1877706001436534,3.136377285260528,0.0004088152471897,False,[3.99113329e+03 1.92795978e-04]
1.056,3.1877535197949776,3.1363950480210927,0.0004090254440721,False,[3.95992115e+03 1.94363830e-04]
1.057,3.18773644598238,3.136412803046136,0.0004092348910852,False,[3.92901145e+03 1.95941425e-04]
1.058,3.1877193787590294,3.1364305503177063,0.0004094435886674,False,[3.89840077e+03 1.97528800e-04]
1.059,3.1877023181442277,3.136448289817701,0.0004096515375394,False,[3.86808570e+03 1.99126005e-04]
1.06,3.1876852641575315,3.136466021528164,0.0004098587383452,False,[3.83806291e+03 2.00733074e-04]
1.061,3.1876682168192834,3.136483745431361,0.0004100651915676,False,[3.80832907e+03 2.02350041e-04]
1.062,3.1876511761476416,3.1365014615092672,0.0004102708981248,False,[3.77888092e+03 2.03976953e-04]
1.063,3.1876341421643795,3.136519169744451,0.0004104758583694,False,[3.74971524e+03 2.05613860e-04]
1.064,3.1876171148866472,3.136536870119066,0.0004106800731563,False,[3.72082885e+03 2.07260790e-04]
1.065,3.18760009433429,3.136554562615654,0.0004108835430217,False,[3.69221861e+03 2.08917779e-04]
1.066,3.187583080525779,3.136572247216744,0.0004110862685783,False,[3.66388142e+03 2.10584859e-04]
1.067,3.187566073480592,3.1365899239049067,0.0004112882505461,False,[3.63581421e+03 2.12262086e-04]
1.068,3.18754907321756,3.1366075926628407,0.0004114894895423,False,[3.60801396e+03 2.13949494e-04]
1.069,3.1875320797557225,3.136625253473304,0.0004116899862328,False,[3.58047769e+03 2.15647120e-04]
1.07,3.1875150931136202,3.136642906319094,0.0004118897413116,False,[3.55320246e+03 2.17354997e-04]
1.071,3.1874981133106286,3.136660551183187,0.0004120887553706,False,[3.52618535e+03 2.19073192e-04]
1.072,3.187481140365865,3.136678188048548,0.0004122870291127,False,[3.49942349e+03 2.20801727e-04]
1.073,3.1874641742974252,3.136695816898222,0.0004124845632147,False,[3.47291406e+03 2.22540632e-04]
1.074,3.1874472151167508,3.1367134377152563,0.0004126813581535,False,[3.44665424e+03 2.24289950e-04]
1.075,3.1874302628443614,3.136731050482904,0.0004128774146728,False,[3.42064129e+03 2.26049727e-04]
1.076,3.187413317502879,3.1367486551845127,0.0004130727335846,False,[3.39487246e+03 2.27819997e-04]
1.077,3.1873963791111555,3.1367662518034884,0.0004132673155463,False,[3.36934507e+03 2.29600812e-04]
1.078,3.1873794476872055,3.1367838403232837,0.0004134611612228,False,[3.34405645e+03 2.31392209e-04]
1.079,3.1873625232492544,3.1368014207273966,0.0004136542713372,False,[3.31900398e+03 2.33194229e-04]
1.08,3.1873456058152816,3.136818992999436,0.0004138466465599,False,[3.29418506e+03 2.35006904e-04]
1.081,3.1873286954033957,3.1368365571230776,0.0004140382875823,False,[3.26959713e+03 2.36830272e-04]
1.082,3.1873117920314478,3.13685411308208,0.0004142291950868,False,[3.24523767e+03 2.38664373e-04]
1.083,3.187294895717244,3.1368716608602485,0.0004144193697907,False,[3.22110417e+03 2.40509254e-04]
1.084,3.187278006478419,3.136889200441468,0.0004146088124139,False,[3.19719418e+03 2.42364951e-04]
1.085,3.187261124332953,3.13690673180976,0.0004147975236043,False,[3.17350524e+03 2.44231505e-04]
1.086,3.1872442492931254,3.1369242549491507,0.0004149855040905,False,[3.15003496e+03 2.46108955e-04]
1.087,3.187227381386884,3.136941769843759,0.0004151727545817,False,[3.12678096e+03 2.47997355e-04]
1.088,3.187210520626399,3.1369592764777723,0.0004153592758095,False,[3.10374090e+03 2.49896741e-04]
1.089,3.187193667029132,3.136976774835489,0.0004155450684498,False,[3.08091245e+03 2.51807135e-04]
1.09,3.1871768206122657,3.1369942649012272,0.0004157301332582,False,[3.05829334e+03 2.53728580e-04]
1.091,3.187159981392942,3.1370117466594234,0.0004159144709237,False,[3.03588129e+03 2.55661127e-04]
1.092,3.187143149388423,3.13702922009457,0.000416098082176,False,[3.01367408e+03 2.57604817e-04]
1.093,3.1871263246157917,3.1370466851912155,0.000416280967759,False,[2.99166949e+03 2.59559688e-04]
1.094,3.187109507091802,3.1370641419340126,0.0004164631283844,False,[2.96986537e+03 2.61525774e-04]
1.095,3.18709269683373,3.137081590307691,0.0004166445647634,False,[2.94825954e+03 2.63503129e-04]
1.096,3.1870758938581387,3.137099030297008,0.0004168252776605,False,[2.92684989e+03 2.65491787e-04]
1.097,3.187059098181916,3.137116461886829,0.0004170052678073,False,[2.90563432e+03 2.67491785e-04]
1.098,3.1870423098216847,3.1371338850621004,0.0004171845359206,False,[2.88461075e+03 2.69503154e-04]
1.099,3.1870255287938907,3.1371512998078237,0.0004173630827445,False,[2.86377714e+03 2.71525954e-04]
1.1,3.1870087551151736,3.137168706109063,0.0004175409090333,False,[2.84313147e+03 2.73560218e-04]
1.101,3.18699198883669,3.1371861039509685,0.0004177180155357,False,[2.82267173e+03 2.75605982e-04]
1.102,3.1869752299118828,3.1372034933187942,0.0004178944029619,False,[2.80239595e+03 2.77663297e-04]
1.103,3.1869584783856064,3.1372208741977854,0.0004180700721177,False,[2.78230218e+03 2.79732200e-04]
1.104,3.1869417342741935,3.137238246573331,0.0004182450237213,False,[2.76238850e+03 2.81812735e-04]
1.105,3.1869249975939713,3.1372556104308678,0.0004184192585353,False,[2.74265300e+03 2.83904928e-04]
1.106,3.1869082683609595,3.137272965755904,0.0004185927773106,False,[2.72309380e+03 2.86008825e-04]
1.107,3.1868915465913203,3.137290312534017,0.0004187655808143,False,[2.70370904e+03 2.88124466e-04]
1.108,3.1868748323010134,3.137307650750867,0.0004189376697962,False,[2.68449689e+03 2.90251900e-04]
1.109,3.1868581255059034,3.137324980392143,0.0004191090450571,False,[2.66545553e+03 2.92391165e-04]
1.11,3.1868414262219273,3.1373423014436868,0.0004192797073097,False,[2.64658318e+03 2.94542300e-04]
1.111,3.1868247344647056,3.137359613891312,0.0004194496573807,False,[2.62787807e+03 2.96705349e-04]
1.112,3.1868080502500318,3.137376917720988,0.0004196188959968,False,[2.60933843e+03 2.98880355e-04]
1.113,3.1867913735935995,3.1373942129187182,0.0004197874239372,False,[2.59096256e+03 3.01067350e-04]
1.114,3.1867747045107806,3.1374114994705504,0.0004199552420049,False,[2.57274873e+03 3.03266366e-04]
1.115,3.1867580430172495,3.1374287773626537,0.0004201223509559,False,[2.55469527e+03 3.05477461e-04]
1.116,3.1867413891283203,3.1374460465812346,0.0004202887515729,False,[2.53680050e+03 3.07700676e-04]
1.117,3.186724742859575,3.137463307112577,0.0004204544446445,False,[2.51906278e+03 3.09936049e-04]
1.118,3.186708104226471,3.1374805589430377,0.0004206194309496,False,[2.50148048e+03 3.12183619e-04]
1.119,3.186691473244463,3.137497802059034,0.0004207837112875,False,[2.48405200e+03 3.14443427e-04]
1.12,3.1866748499283513,3.1375150364470588,0.0004209472864403,False,[2.46677574e+03 3.16715517e-04]
1.121,3.186658234293136,3.1375322620936927,0.0004211101571857,False,[2.44965013e+03 3.18999928e-04]
1.122,3.1866416263533184,3.1375494789855307,0.0004212723243532,False,[2.43267363e+03 3.21296696e-04]
1.123,3.186625026124014,3.137566687109304,0.0004214337887034,False,[2.41584469e+03 3.23605862e-04]
1.124,3.186608433620073,3.1375838864517736,0.0004215945510427,False,[2.39916180e+03 3.25927469e-04]
1.125,3.186591848856273,3.13760107699976,0.0004217546121935,False,[2.38262347e+03 3.28261562e-04]
1.126,3.1865752718473654,3.137618258740184,0.0004219139729372,False,[2.36622822e+03 3.30608183e-04]
1.127,3.1865587026080253,3.137635431660018,0.0004220726340806,False,[2.34997458e+03 3.32967373e-04]
1.128,3.1865421411528576,3.137652595746304,0.0004222305964278,False,[2.33386110e+03 3.35339171e-04]
1.129,3.186525587496299,3.137669750986143,0.0004223878607974,False,[2.31788636e+03 3.37723620e-04]
1.13,3.1865090416529362,3.1376868973667187,0.0004225444279959,False,[2.30204894e+03 3.40120748e-04]
1.131,3.186492503636999,3.1377040348752785,0.0004227002988259,False,[2.28634746e+03 3.42530616e-04]
1.132,3.1864759734628483,3.137721163499121,0.0004228554741245,False,[2.27078052e+03 3.44953254e-04]
1.133,3.1864594511447413,3.1377382832256373,0.0004230099546888,False,[2.25534677e+03 3.47388703e-04]
1.134,3.18644293669207,3.1377553940422724,0.0004231637413445,False,[2.24004486e+03 3.49837004e-04]
1.135,3.186426430128656,3.137772495936538,0.0004233168349088,False,[2.22487346e+03 3.52298205e-04]
1.136,3.1864099314635763,3.137789588896012,0.0004234692362135,False,[2.20983125e+03 3.54772343e-04]
1.137,3.186393440710753,3.137806672908346,0.0004236209460702,False,[2.19491692e+03 3.57259459e-04]
1.138,3.1863769578841064,3.137823747961244,0.0004237719653181,False,[2.18012920e+03 3.59759601e-04]
1.139,3.186360482997383,3.1378408140424936,0.0004239222947777,False,[2.16546681e+03 3.62272800e-04]
1.14,3.18634401606445,3.137857871139936,0.0004240719352832,False,[2.15092849e+03 3.64799099e-04]
1.141,3.186327557098955,3.1378749192414883,0.0004242208876605,False,[2.13651300e+03 3.67338537e-04]
1.142,3.1863111061144793,3.1378919583351257,0.0004243691527459,False,[2.12221912e+03 3.69891159e-04]
1.143,3.186294663124588,3.1379089884088884,0.0004245167313789,False,[2.10804563e+03 3.72457005e-04]
1.144,3.1862782281428212,3.1379260094508887,0.0004246636243935,False,[2.09399132e+03 3.75036119e-04]
1.145,3.1862618011824813,3.1379430214492974,0.000424809832633,False,[2.08005501e+03 3.77628540e-04]
1.146,3.1862453822569368,3.1379600243923527,0.0004249553569388,False,[2.06623554e+03 3.80234314e-04]
1.147,3.1862289713794327,3.1379770182683644,0.0004251001981479,False,[2.05253173e+03 3.82853480e-04]
1.148,3.1862125685631604,3.1379940030657,0.0004252443571074,False,[2.03894244e+03 3.85486080e-04]
1.149,3.186196173821401,3.138010978772788,0.00042538783467,False,[2.02546655e+03 3.88132149e-04]
1.15,3.1861797872006807,3.1380279453781337,0.0004255306316764,False,[2.01210292e+03 3.90791730e-04]
1.151,3.18616340865229,3.1380449028702984,0.0004256727489774,False,[1.99885045e+03 3.93464865e-04]
1.152,3.1861470382176527,3.138061851237908,0.0004258141874286,False,[1.98570805e+03 3.96151600e-04]
1.153,3.186130675909631,3.1380787904696565,0.0004259549478788,False,[1.97267462e+03 3.98851974e-04]
1.154,3.1861143217411816,3.138095720554295,0.0004260950311909,False,[1.95974911e+03 4.01566028e-04]
1.155,3.18609797572498,3.1381126414806486,0.0004262344382106,False,[1.94693045e+03 4.04293804e-04]
1.156,3.1860816378736723,3.138129553237593,0.000426373169804,False,[1.93421760e+03 4.07035344e-04]
1.157,3.186065308200133,3.1381464558140264,0.000426511226909,False,[1.92160951e+03 4.09790685e-04]
1.158,3.186048986716768,3.138163349199006,0.0004266486103126,False,[1.90910517e+03 4.12559868e-04]
1.159,3.1860326734361544,3.13818023338161,0.0004267853208742,False,[1.89670357e+03 4.15342935e-04]
1.16,3.186016368370688,3.138197108350976,0.0004269213594528,False,[1.88440369e+03 4.18139929e-04]
1.161,3.1860000715328143,3.138213974096305,0.0004270567269154,False,[1.87220457e+03 4.20950900e-04]
1.162,3.1859837829348296,3.138230830606856,0.0004271914241322,False,[1.86010520e+03 4.23775874e-04]
1.163,3.1859675025890124,3.138247677871955,0.000427325451973,False,[1.84810464e+03 4.26614902e-04]
1.164,3.1859512305074866,3.138264515880987,0.0004274588113054,False,[1.83620191e+03 4.29468026e-04]
1.165,3.1859349667024475,3.138281344623403,0.0004275915030051,False,[1.82439608e+03 4.32335284e-04]
1.166,3.1859187111860194,3.1382981640887118,0.0004277235279464,False,[1.81268621e+03 4.35216721e-04]
1.167,3.1859024639702938,3.138314974266488,0.0004278548870033,False,[1.80107138e+03 4.38112370e-04]
1.168,3.1858862250673643,3.138331775146367,0.0004279855810539,False,[1.78955066e+03 4.41022280e-04]
1.169,3.185869994489226,3.138348566718041,0.0004281156109788,False,[1.77812315e+03 4.43946487e-04]
1.17,3.185853772247642,3.138365348971277,0.0004282449776505,False,[1.76678796e+03 4.46885035e-04]
1.171,3.1858375583540637,3.138382121895887,0.0004283736819575,False,[1.75554421e+03 4.49837967e-04]
1.172,3.1858213528201276,3.1383988854817537,0.0004285017247821,False,[1.74439101e+03 4.52805323e-04]
1.173,3.185805155657396,3.138415639718819,0.000428629107008,False,[1.73332750e+03 4.55787144e-04]
1.174,3.1857889668773605,3.138432384597086,0.000428755829516,False,[1.72235283e+03 4.58783472e-04]
1.175,3.1857727864916305,3.1384491201066176,0.0004288818931999,False,[1.71146615e+03 4.61794349e-04]
1.176,3.185756614511597,3.138465846237536,0.0004290072989463,False,[1.70066662e+03 4.64819804e-04]
1.177,3.185740450948693,3.138482562980028,0.0004291320476426,False,[1.68995341e+03 4.67859900e-04]
1.178,3.185724295814317,3.13849927032434,0.0004292561401815,False,[1.67932570e+03 4.70914667e-04]
1.179,3.1857081491194554,3.1385159682607684,0.00042937957745,False,[1.66878268e+03 4.73984141e-04]
1.18,3.1856920108754956,3.1385326567796823,0.000429502360345,False,[1.65832356e+03 4.77068374e-04]
1.181,3.185675881093491,3.1385493358715086,0.0004296244897599,False,[1.64794753e+03 4.80167402e-04]
1.182,3.1856597597847145,3.138566005526732,0.0004297459665942,False,[1.63765382e+03 4.83281267e-04]
1.183,3.1856436469600156,3.1385826657358944,0.0004298667917468,False,[1.62744164e+03 4.86410011e-04]
1.184,3.1856275426305007,3.1385993164896,0.0004299869661161,False,[1.61731023e+03 4.89553675e-04]
1.185,3.1856114468024197,3.1386159577785087,0.0004301064906013,False,[1.60725883e+03 4.92712297e-04]
1.186,3.1855953594958852,3.138632589593345,0.0004302253661065,False,[1.59728669e+03 4.95885925e-04]
1.187,3.1855792807169,3.1386492119248874,0.0004303435935313,False,[1.58739307e+03 4.99074596e-04]
1.188,3.1855632104742857,3.138665824769693,0.0004304611654935,False,[1.57757722e+03 5.02278348e-04]
1.189,3.1855471487830975,3.138682428106253,0.000430578100897,False,[1.56783843e+03 5.05497228e-04]
1.19,3.1855310956502443,3.138699021933784,0.0004306943886105,False,[1.55817598e+03 5.08731276e-04]
1.191,3.185515051090873,3.138715606239035,0.0004308100359504,False,[1.54858915e+03 5.11980532e-04]
1.192,3.1854990151051727,3.138732181019951,0.0004309250332965,False,[1.53907724e+03 5.15245038e-04]
1.193,3.1854829877182254,3.1387487462600494,0.000431039393466,False,[1.52963955e+03 5.18524828e-04]
1.194,3.185466968928839,3.138765301955188,0.0004311531098761,False,[1.52027540e+03 5.21819956e-04]
1.195,3.185450958749417,3.138781848095652,0.0004312661849691,False,[1.51098410e+03 5.25130458e-04]
1.196,3.1854349571934963,3.138798384672148,0.0004313786207481,False,[1.50176498e+03 5.28456373e-04]
1.197,3.185418964268571,3.1388149116769104,0.0004314904166833,False,[1.49261737e+03 5.31797742e-04]
1.198,3.185402979987831,3.1388314290987185,0.0004316015776838,False,[1.48354061e+03 5.35154605e-04]
1.199,3.1853870043589145,3.1388479369327054,0.0004317120992689,False,[1.47453404e+03 5.38527009e-04]
1.2,3.1853710373876174,3.138864435170853,0.0004318219814198,False,[1.46559703e+03 5.41914988e-04]
